station_network,n_stations,n_beams_total,n_satellites,scenario_profile,congestion_level,failures_enabled,station_mtbf_s,station_mttr_s,beam_mtbf_s,beam_mttr_s,handover_enabled,weather_mode,duration_s,dt_s,seed,scheduler,bandwidth_allocator,power_allocator,freq_allocator,delivered_gbit,completion_rate,sla_compliance,drop_rate,mean_wait_s,beam_utilization,fairness,mean_decision_ms,energy_kj,gb_per_kj,sessions_interrupted,mean_recovery_s,proactive_handovers,pct_optimal,oracle_delivered_gbit,wall_time_s
india8,8,32,40,baseline,normal,False,,,,,False,static,6000.0,10.0,0,oracle_ceiling,,,,802.332704260811,,,,,,,,,,,,,1.0,802.332704260811,3.1476924999999483
india8,8,32,40,baseline,normal,False,,,,,False,static,6000.0,10.0,0,fcfs/strongest,equal,fixed,coloring,802.962873130382,0.825,0.65,0.21806677968153504,296.75,0.015677083333333335,0.3095906070663461,0.02550716666689823,16.68775,48.11690450362583,0,0.0,0,1.0007854208936324,802.332704260811,3.3757056000000603
india8,8,32,40,baseline,normal,False,,,,,False,static,6000.0,10.0,0,fcfs/strongest,equal,adaptive,coloring,807.156837473406,0.825,0.65,0.2139826555527858,296.75,0.014479166666666666,0.30937529888185183,0.022817666664612563,19.87759090909092,40.606371323612294,0,0.0,0,1.0060126343934084,802.332704260811,3.211819599999899
india8,8,32,40,baseline,normal,False,,,,,False,static,6000.0,10.0,0,fcfs/strongest,lp,fixed,coloring,802.962873130382,0.825,0.65,0.21806677968153504,296.75,0.015677083333333335,0.3095906070663461,0.026953333334252726,16.68775,48.11690450362583,0,0.0,0,1.0007854208936324,802.332704260811,3.5963862000000972
india8,8,32,40,baseline,normal,False,,,,,False,static,6000.0,10.0,0,fcfs/strongest,lp,adaptive,coloring,807.156837473406,0.825,0.65,0.2139826555527858,296.75,0.014479166666666666,0.30937529888185183,0.029343833331836322,19.87759090909092,40.606371323612294,0,0.0,0,1.0060126343934084,802.332704260811,4.033476799999903
india8,8,32,40,baseline,normal,False,,,,,False,static,6000.0,10.0,0,edf/strongest,equal,fixed,coloring,802.962873130382,0.825,0.65,0.21806677968153504,296.75,0.015677083333333335,0.3095906070663461,0.02606000000014319,16.68775,48.11690450362583,0,0.0,0,1.0007854208936324,802.332704260811,3.4496136000000206
india8,8,32,40,baseline,normal,False,,,,,False,static,6000.0,10.0,0,edf/strongest,equal,adaptive,coloring,807.156837473406,0.825,0.65,0.2139826555527858,296.75,0.014479166666666666,0.30937529888185183,0.02374233332811097,19.87759090909092,40.606371323612294,0,0.0,0,1.0060126343934084,802.332704260811,3.3470874999999296
india8,8,32,40,baseline,normal,False,,,,,False,static,6000.0,10.0,0,edf/strongest,lp,fixed,coloring,802.962873130382,0.825,0.65,0.21806677968153504,296.75,0.015677083333333335,0.3095906070663461,0.02557083333461681,16.68775,48.11690450362583,0,0.0,0,1.0007854208936324,802.332704260811,3.6350874999999405
india8,8,32,40,baseline,normal,False,,,,,False,static,6000.0,10.0,0,edf/strongest,lp,adaptive,coloring,807.156837473406,0.825,0.65,0.2139826555527858,296.75,0.014479166666666666,0.30937529888185183,0.02501666666773872,19.87759090909092,40.606371323612294,0,0.0,0,1.0060126343934084,802.332704260811,3.5339993999999706
india8,8,32,40,baseline,normal,False,,,,,False,static,6000.0,10.0,0,hungarian/throughput,equal,fixed,coloring,802.9628731303819,0.825,0.65,0.21806677968153504,296.75,0.015625,0.30959060706634606,0.08295583333184217,16.63775,48.26150610090799,0,0.0,0,1.0007854208936322,802.332704260811,3.2855286000000206
india8,8,32,40,baseline,normal,False,,,,,False,static,6000.0,10.0,0,hungarian/throughput,equal,adaptive,coloring,807.156837473406,0.825,0.65,0.2139826555527858,296.75,0.014479166666666666,0.30937529888185183,0.0778336666691833,19.687720454545467,40.99798345557324,0,0.0,0,1.0060126343934084,802.332704260811,3.29604269999993
india8,8,32,40,baseline,normal,False,,,,,False,static,6000.0,10.0,0,hungarian/throughput,lp,fixed,coloring,802.9628731303819,0.825,0.65,0.21806677968153504,296.75,0.015625,0.30959060706634606,0.08153216666338872,16.63775,48.26150610090799,0,0.0,0,1.0007854208936322,802.332704260811,3.5686458999999786
india8,8,32,40,baseline,normal,False,,,,,False,static,6000.0,10.0,0,hungarian/throughput,lp,adaptive,coloring,807.156837473406,0.825,0.65,0.2139826555527858,296.75,0.014479166666666666,0.30937529888185183,0.08469433333440672,19.687720454545467,40.99798345557324,0,0.0,0,1.0060126343934084,802.332704260811,3.5634979999999814
india8,8,32,40,baseline,normal,False,,,,,False,static,6000.0,10.0,0,mip,equal,fixed,coloring,802.962873130382,0.825,0.65,0.21806677968153504,296.75,0.015677083333333335,0.3095906070663461,0.27909683333405155,16.68775,48.11690450362583,0,0.0,0,1.0007854208936324,802.332704260811,3.4100955000000113
india8,8,32,40,baseline,normal,False,,,,,False,static,6000.0,10.0,0,mip,equal,adaptive,coloring,807.156837473406,0.825,0.65,0.2139826555527858,296.75,0.014479166666666666,0.30937529888185183,0.28087949999871853,19.87759090909092,40.606371323612294,0,0.0,0,1.0060126343934084,802.332704260811,3.3879656000000296
india8,8,32,40,baseline,normal,False,,,,,False,static,6000.0,10.0,0,mip,lp,fixed,coloring,802.962873130382,0.825,0.65,0.21806677968153504,296.75,0.015677083333333335,0.3095906070663461,0.25605549999757693,16.68775,48.11690450362583,0,0.0,0,1.0007854208936324,802.332704260811,3.44990150000001
india8,8,32,40,baseline,normal,False,,,,,False,static,6000.0,10.0,0,mip,lp,adaptive,coloring,807.156837473406,0.825,0.65,0.2139826555527858,296.75,0.014479166666666666,0.30937529888185183,0.2543651666654038,19.87759090909092,40.606371323612294,0,0.0,0,1.0060126343934084,802.332704260811,3.4697856999999885
india8,8,32,80,congested,high,False,,,,,False,static,6000.0,10.0,0,oracle_ceiling,,,,1728.6252336966518,,,,,,,,,,,,,1.0,1728.6252336966518,6.356614700000023
india8,8,32,80,congested,high,False,,,,,False,static,6000.0,10.0,0,fcfs/strongest,equal,fixed,coloring,1720.386063749016,0.825,0.65,0.1962299029444546,224.0,0.03411458333333333,0.33362091821092643,0.04068633333342102,36.026,47.754012761589294,0,0.0,0,0.9952336864075412,1728.6252336966518,5.9246455999999625
india8,8,32,80,congested,high,False,,,,,False,static,6000.0,10.0,0,fcfs/strongest,equal,adaptive,coloring,1733.463231482334,0.825,0.65,0.19012020663866402,224.0,0.03171875,0.3343260542824513,0.03907266666847893,43.83873863636365,39.54181359690056,0,0.0,0,1.0027987545775532,1728.6252336966518,5.864162300000089
india8,8,32,80,congested,high,False,,,,,False,static,6000.0,10.0,0,fcfs/strongest,lp,fixed,coloring,1720.386063749016,0.825,0.65,0.1962299029444546,224.0,0.03411458333333333,0.33362091821092643,0.04699466666939619,36.026,47.754012761589294,0,0.0,0,0.9952336864075412,1728.6252336966518,6.63516089999996
india8,8,32,80,congested,high,False,,,,,False,static,6000.0,10.0,0,fcfs/strongest,lp,adaptive,coloring,1733.463231482334,0.825,0.65,0.19012020663866402,224.0,0.03171875,0.3343260542824513,0.03976133332230347,43.83873863636365,39.54181359690056,0,0.0,0,1.0027987545775532,1728.6252336966518,6.285113899999942
india8,8,32,80,congested,high,False,,,,,False,static,6000.0,10.0,0,edf/strongest,equal,fixed,coloring,1720.386063749016,0.825,0.65,0.1962299029444546,224.0,0.03411458333333333,0.33362091821092643,0.039855666658847134,36.026,47.754012761589294,0,0.0,0,0.9952336864075412,1728.6252336966518,6.011225400000058
india8,8,32,80,congested,high,False,,,,,False,static,6000.0,10.0,0,edf/strongest,equal,adaptive,coloring,1733.463231482334,0.825,0.65,0.19012020663866402,224.0,0.03171875,0.3343260542824513,0.04263716666779752,43.83873863636365,39.54181359690056,0,0.0,0,1.0027987545775532,1728.6252336966518,6.195852500000001
india8,8,32,80,congested,high,False,,,,,False,static,6000.0,10.0,0,edf/strongest,lp,fixed,coloring,1720.386063749016,0.825,0.65,0.1962299029444546,224.0,0.03411458333333333,0.33362091821092643,0.041308000001739245,36.026,47.754012761589294,0,0.0,0,0.9952336864075412,1728.6252336966518,6.309347299999899
india8,8,32,80,congested,high,False,,,,,False,static,6000.0,10.0,0,edf/strongest,lp,adaptive,coloring,1733.463231482334,0.825,0.65,0.19012020663866402,224.0,0.03171875,0.3343260542824513,0.04037966666677069,43.83873863636365,39.54181359690056,0,0.0,0,1.0027987545775532,1728.6252336966518,6.307366499999944
india8,8,32,80,congested,high,False,,,,,False,static,6000.0,10.0,0,hungarian/throughput,equal,fixed,coloring,1720.386063749016,0.825,0.65,0.1962299029444546,224.0,0.03411458333333333,0.33362091821092643,0.1202769999948335,36.026,47.754012761589294,0,0.0,0,0.9952336864075412,1728.6252336966518,5.95596159999991
india8,8,32,80,congested,high,False,,,,,False,static,6000.0,10.0,0,hungarian/throughput,equal,adaptive,coloring,1733.463231482334,0.825,0.65,0.19012020663866402,224.0,0.03171875,0.3343260542824513,0.13336533333169126,43.95096818181822,39.44084290273812,0,0.0,0,1.0027987545775532,1728.6252336966518,6.394315000000006
india8,8,32,80,congested,high,False,,,,,False,static,6000.0,10.0,0,hungarian/throughput,lp,fixed,coloring,1720.386063749016,0.825,0.65,0.1962299029444546,224.0,0.03411458333333333,0.33362091821092643,0.1290868333247393,36.026,47.754012761589294,0,0.0,0,0.9952336864075412,1728.6252336966518,6.559280400000034
india8,8,32,80,congested,high,False,,,,,False,static,6000.0,10.0,0,hungarian/throughput,lp,adaptive,coloring,1733.463231482334,0.825,0.65,0.19012020663866402,224.0,0.03171875,0.3343260542824513,0.12347216666247124,43.95096818181822,39.44084290273812,0,0.0,0,1.0027987545775532,1728.6252336966518,6.356148600000097
india8,8,32,80,congested,high,False,,,,,False,static,6000.0,10.0,0,mip,equal,fixed,coloring,1720.386063749016,0.825,0.65,0.1962299029444546,224.0,0.03411458333333333,0.33362091821092643,0.730587833336358,36.026,47.754012761589294,0,0.0,0,0.9952336864075412,1728.6252336966518,6.2959472000000005
india8,8,32,80,congested,high,False,,,,,False,static,6000.0,10.0,0,mip,equal,adaptive,coloring,1733.463231482334,0.825,0.65,0.19012020663866402,224.0,0.03171875,0.3343260542824513,0.6962133333354359,43.83873863636365,39.54181359690056,0,0.0,0,1.0027987545775532,1728.6252336966518,6.342031200000065
india8,8,32,80,congested,high,False,,,,,False,static,6000.0,10.0,0,mip,lp,fixed,coloring,1720.386063749016,0.825,0.65,0.1962299029444546,224.0,0.03411458333333333,0.33362091821092643,0.6692856666703998,36.026,47.754012761589294,0,0.0,0,0.9952336864075412,1728.6252336966518,6.672891299999947
india8,8,32,80,congested,high,False,,,,,False,static,6000.0,10.0,0,mip,lp,adaptive,coloring,1733.463231482334,0.825,0.65,0.19012020663866402,224.0,0.03171875,0.3343260542824513,0.7222613333343967,43.83873863636365,39.54181359690056,0,0.0,0,1.0027987545775532,1728.6252336966518,6.726583399999981
india8,8,32,40,failures,normal,True,2000.0,600.0,1500.0,500.0,False,static,6000.0,10.0,0,oracle_ceiling,,,,802.332704260811,,,,,,,,,,,,,1.0,802.332704260811,2.9821716999999808
india8,8,32,40,failures,normal,True,2000.0,600.0,1500.0,500.0,False,static,6000.0,10.0,0,fcfs/strongest,equal,fixed,coloring,773.7181946026714,0.775,0.625,0.24654553806945603,401.0,0.01515625,0.3094185452979257,0.02273683333025171,16.08825,48.092129013576454,1,0.0,0,0.9643358553051851,802.332704260811,2.7996821000001546
india8,8,32,40,failures,normal,True,2000.0,600.0,1500.0,500.0,False,static,6000.0,10.0,0,fcfs/strongest,equal,adaptive,coloring,784.7614928100688,0.775,0.625,0.23579146460079997,401.0,0.0140625,0.30946211354667924,0.02304450000565339,19.542986363636352,40.155658823478234,1,0.0,0,0.9780998439208202,802.332704260811,2.7988004000001183
india8,8,32,40,failures,normal,True,2000.0,600.0,1500.0,500.0,False,static,6000.0,10.0,0,fcfs/strongest,lp,fixed,coloring,773.7181946026714,0.775,0.625,0.24654553806945603,401.0,0.01515625,0.3094185452979257,0.029577833339544668,16.08825,48.092129013576454,1,0.0,0,0.9643358553051851,802.332704260811,3.5214288000001943
india8,8,32,40,failures,normal,True,2000.0,600.0,1500.0,500.0,False,static,6000.0,10.0,0,fcfs/strongest,lp,adaptive,coloring,784.7614928100688,0.775,0.625,0.23579146460079997,401.0,0.0140625,0.30946211354667924,0.025018499999684234,19.542986363636352,40.155658823478234,1,0.0,0,0.9780998439208202,802.332704260811,3.1751326000000972
india8,8,32,40,failures,normal,True,2000.0,600.0,1500.0,500.0,False,static,6000.0,10.0,0,edf/strongest,equal,fixed,coloring,773.7181946026714,0.775,0.625,0.24654553806945603,401.0,0.01515625,0.3094185452979257,0.021308666664102322,16.08825,48.092129013576454,1,0.0,0,0.9643358553051851,802.332704260811,2.7398944000001393
india8,8,32,40,failures,normal,True,2000.0,600.0,1500.0,500.0,False,static,6000.0,10.0,0,edf/strongest,equal,adaptive,coloring,784.7614928100688,0.775,0.625,0.23579146460079997,401.0,0.0140625,0.30946211354667924,0.021361000005981623,19.542986363636352,40.155658823478234,1,0.0,0,0.9780998439208202,802.332704260811,2.7529846999998426
india8,8,32,40,failures,normal,True,2000.0,600.0,1500.0,500.0,False,static,6000.0,10.0,0,edf/strongest,lp,fixed,coloring,773.7181946026714,0.775,0.625,0.24654553806945603,401.0,0.01515625,0.3094185452979257,0.023185500000408865,16.08825,48.092129013576454,1,0.0,0,0.9643358553051851,802.332704260811,3.009910699999864
india8,8,32,40,failures,normal,True,2000.0,600.0,1500.0,500.0,False,static,6000.0,10.0,0,edf/strongest,lp,adaptive,coloring,784.7614928100688,0.775,0.625,0.23579146460079997,401.0,0.0140625,0.30946211354667924,0.025444666662982247,19.542986363636352,40.155658823478234,1,0.0,0,0.9780998439208202,802.332704260811,3.3639482999999473
india8,8,32,40,failures,normal,True,2000.0,600.0,1500.0,500.0,False,static,6000.0,10.0,0,hungarian/throughput,equal,fixed,coloring,773.7181946026712,0.775,0.625,0.24654553806945603,401.0,0.015104166666666667,0.30941854529792556,0.07412600000293423,16.03825,48.2420584915855,1,0.0,0,0.964335855305185,802.332704260811,2.974371499999961
india8,8,32,40,failures,normal,True,2000.0,600.0,1500.0,500.0,False,static,6000.0,10.0,0,hungarian/throughput,equal,adaptive,coloring,784.7614928100688,0.775,0.625,0.23579146460079997,401.0,0.0140625,0.30946211354667924,0.06931116667525808,19.3531159090909,40.549619838810365,1,0.0,0,0.9780998439208202,802.332704260811,2.7488965999998527
india8,8,32,40,failures,normal,True,2000.0,600.0,1500.0,500.0,False,static,6000.0,10.0,0,hungarian/throughput,lp,fixed,coloring,773.7181946026712,0.775,0.625,0.24654553806945603,401.0,0.015104166666666667,0.30941854529792556,0.0711665000138358,16.03825,48.2420584915855,1,0.0,0,0.964335855305185,802.332704260811,2.926080700000057
india8,8,32,40,failures,normal,True,2000.0,600.0,1500.0,500.0,False,static,6000.0,10.0,0,hungarian/throughput,lp,adaptive,coloring,784.7614928100688,0.775,0.625,0.23579146460079997,401.0,0.0140625,0.30946211354667924,0.0748573333354822,19.3531159090909,40.549619838810365,1,0.0,0,0.9780998439208202,802.332704260811,3.0558851000000686
india8,8,32,40,failures,normal,True,2000.0,600.0,1500.0,500.0,False,static,6000.0,10.0,0,mip,equal,fixed,coloring,773.7181946026714,0.775,0.625,0.24654553806945603,401.0,0.01515625,0.3094185452979257,0.24673900000645213,16.08825,48.092129013576454,1,0.0,0,0.9643358553051851,802.332704260811,3.0644267999998647
india8,8,32,40,failures,normal,True,2000.0,600.0,1500.0,500.0,False,static,6000.0,10.0,0,mip,equal,adaptive,coloring,784.7614928100688,0.775,0.625,0.23579146460079997,401.0,0.0140625,0.30946211354667924,0.23896149999624566,19.542986363636352,40.155658823478234,1,0.0,0,0.9780998439208202,802.332704260811,2.945466099999976
india8,8,32,40,failures,normal,True,2000.0,600.0,1500.0,500.0,False,static,6000.0,10.0,0,mip,lp,fixed,coloring,773.7181946026714,0.775,0.625,0.24654553806945603,401.0,0.01515625,0.3094185452979257,0.23314500000045277,16.08825,48.092129013576454,1,0.0,0,0.9643358553051851,802.332704260811,3.05615970000008
india8,8,32,40,failures,normal,True,2000.0,600.0,1500.0,500.0,False,static,6000.0,10.0,0,mip,lp,adaptive,coloring,784.7614928100688,0.775,0.625,0.23579146460079997,401.0,0.0140625,0.30946211354667924,0.24031300000198522,19.542986363636352,40.155658823478234,1,0.0,0,0.9780998439208202,802.332704260811,3.086125300000049
india8,8,32,40,handover,normal,False,,,,,True,static,6000.0,10.0,0,oracle_ceiling,,,,802.332704260811,,,,,,,,,,,,,1.0,802.332704260811,2.9817926999999145
india8,8,32,40,handover,normal,False,,,,,True,static,6000.0,10.0,0,fcfs/strongest,equal,fixed,coloring,802.962873130382,0.825,0.65,0.21806677968153504,296.75,0.015677083333333335,0.3095906070663461,0.02273283333276292,16.68775,48.11690450362583,0,0.0,0,1.0007854208936324,802.332704260811,3.0484590000000935
india8,8,32,40,handover,normal,False,,,,,True,static,6000.0,10.0,0,fcfs/strongest,equal,adaptive,coloring,807.156837473406,0.825,0.65,0.2139826555527858,296.75,0.014479166666666666,0.30937529888185183,0.02312316666499707,19.87759090909092,40.606371323612294,0,0.0,0,1.0060126343934084,802.332704260811,3.0666994000000614
india8,8,32,40,handover,normal,False,,,,,True,static,6000.0,10.0,0,fcfs/strongest,lp,fixed,coloring,802.962873130382,0.825,0.65,0.21806677968153504,296.75,0.015677083333333335,0.3095906070663461,0.023533166669646256,16.68775,48.11690450362583,0,0.0,0,1.0007854208936324,802.332704260811,3.3649066000000403
india8,8,32,40,handover,normal,False,,,,,True,static,6000.0,10.0,0,fcfs/strongest,lp,adaptive,coloring,807.156837473406,0.825,0.65,0.2139826555527858,296.75,0.014479166666666666,0.30937529888185183,0.02413866666984177,19.87759090909092,40.606371323612294,0,0.0,0,1.0060126343934084,802.332704260811,3.416302400000177
india8,8,32,40,handover,normal,False,,,,,True,static,6000.0,10.0,0,edf/strongest,equal,fixed,coloring,802.962873130382,0.825,0.65,0.21806677968153504,296.75,0.015677083333333335,0.3095906070663461,0.024071000003308047,16.68775,48.11690450362583,0,0.0,0,1.0007854208936324,802.332704260811,3.3046088000000964
india8,8,32,40,handover,normal,False,,,,,True,static,6000.0,10.0,0,edf/strongest,equal,adaptive,coloring,807.156837473406,0.825,0.65,0.2139826555527858,296.75,0.014479166666666666,0.30937529888185183,0.021100333334895065,19.87759090909092,40.606371323612294,0,0.0,0,1.0060126343934084,802.332704260811,3.0556810000000496
india8,8,32,40,handover,normal,False,,,,,True,static,6000.0,10.0,0,edf/strongest,lp,fixed,coloring,802.962873130382,0.825,0.65,0.21806677968153504,296.75,0.015677083333333335,0.3095906070663461,0.02223016666410634,16.68775,48.11690450362583,0,0.0,0,1.0007854208936324,802.332704260811,3.273636599999918
india8,8,32,40,handover,normal,False,,,,,True,static,6000.0,10.0,0,edf/strongest,lp,adaptive,coloring,807.156837473406,0.825,0.65,0.2139826555527858,296.75,0.014479166666666666,0.30937529888185183,0.02223616667000291,19.87759090909092,40.606371323612294,0,0.0,0,1.0060126343934084,802.332704260811,3.2813174000000345
india8,8,32,40,handover,normal,False,,,,,True,static,6000.0,10.0,0,hungarian/throughput,equal,fixed,coloring,802.9628731303819,0.825,0.65,0.21806677968153504,296.75,0.015625,0.30959060706634606,0.07108833333063558,16.63775,48.26150610090799,0,0.0,0,1.0007854208936322,802.332704260811,3.0645924999998897
india8,8,32,40,handover,normal,False,,,,,True,static,6000.0,10.0,0,hungarian/throughput,equal,adaptive,coloring,807.156837473406,0.825,0.65,0.2139826555527858,296.75,0.014479166666666666,0.30937529888185183,0.07285216666408209,19.687720454545467,40.99798345557324,0,0.0,0,1.0060126343934084,802.332704260811,3.1260956999999507
india8,8,32,40,handover,normal,False,,,,,True,static,6000.0,10.0,0,hungarian/throughput,lp,fixed,coloring,802.9628731303819,0.825,0.65,0.21806677968153504,296.75,0.015625,0.30959060706634606,0.07557766667029378,16.63775,48.26150610090799,0,0.0,0,1.0007854208936322,802.332704260811,3.321638600000142
india8,8,32,40,handover,normal,False,,,,,True,static,6000.0,10.0,0,hungarian/throughput,lp,adaptive,coloring,807.156837473406,0.825,0.65,0.2139826555527858,296.75,0.014479166666666666,0.30937529888185183,0.09663000000121731,19.687720454545467,40.99798345557324,0,0.0,0,1.0060126343934084,802.332704260811,4.071392099999912
india8,8,32,40,handover,normal,False,,,,,True,static,6000.0,10.0,0,mip,equal,fixed,coloring,802.962873130382,0.825,0.65,0.21806677968153504,296.75,0.015677083333333335,0.3095906070663461,0.27249966666166375,16.68775,48.11690450362583,0,0.0,0,1.0007854208936324,802.332704260811,3.426227499999868
india8,8,32,40,handover,normal,False,,,,,True,static,6000.0,10.0,0,mip,equal,adaptive,coloring,807.156837473406,0.825,0.65,0.2139826555527858,296.75,0.014479166666666666,0.30937529888185183,0.24187299999615183,19.87759090909092,40.606371323612294,0,0.0,0,1.0060126343934084,802.332704260811,3.2651261999999406
india8,8,32,40,handover,normal,False,,,,,True,static,6000.0,10.0,0,mip,lp,fixed,coloring,802.962873130382,0.825,0.65,0.21806677968153504,296.75,0.015677083333333335,0.3095906070663461,0.24375666666098064,16.68775,48.11690450362583,0,0.0,0,1.0007854208936324,802.332704260811,3.4978456999999707
india8,8,32,40,handover,normal,False,,,,,True,static,6000.0,10.0,0,mip,lp,adaptive,coloring,807.156837473406,0.825,0.65,0.2139826555527858,296.75,0.014479166666666666,0.30937529888185183,0.23891566666748076,19.87759090909092,40.606371323612294,0,0.0,0,1.0060126343934084,802.332704260811,3.3660480000000916
india8,8,32,40,weather_dynamic,normal,False,,,,,False,dynamic,6000.0,10.0,0,oracle_ceiling,,,,802.332704260811,,,,,,,,,,,,,1.0,802.332704260811,2.921933699999954
india8,8,32,40,weather_dynamic,normal,False,,,,,False,dynamic,6000.0,10.0,0,fcfs/strongest,equal,fixed,coloring,802.962873130382,0.825,0.65,0.21806677968153504,296.75,0.016197916666666666,0.3095906070663461,0.021531333333465835,17.18775,46.71716036888959,0,0.0,0,1.0007854208936324,802.332704260811,3.0558730000000196
india8,8,32,40,weather_dynamic,normal,False,,,,,False,dynamic,6000.0,10.0,0,fcfs/strongest,equal,adaptive,coloring,807.156837473406,0.825,0.65,0.2139826555527858,296.75,0.014947916666666667,0.30937529888185183,0.020533666663974753,21.235300000000016,38.01014525216999,0,0.0,0,1.0060126343934084,802.332704260811,3.0384198999997807
india8,8,32,40,weather_dynamic,normal,False,,,,,False,dynamic,6000.0,10.0,0,fcfs/strongest,lp,fixed,coloring,802.962873130382,0.825,0.65,0.21806677968153504,296.75,0.016197916666666666,0.3095906070663461,0.021536166670254413,17.18775,46.71716036888959,0,0.0,0,1.0007854208936324,802.332704260811,3.270989899999904
india8,8,32,40,weather_dynamic,normal,False,,,,,False,dynamic,6000.0,10.0,0,fcfs/strongest,lp,adaptive,coloring,807.156837473406,0.825,0.65,0.2139826555527858,296.75,0.014947916666666667,0.30937529888185183,0.021372833338091368,21.235300000000016,38.01014525216999,0,0.0,0,1.0060126343934084,802.332704260811,3.1869724000000588
india8,8,32,40,weather_dynamic,normal,False,,,,,False,dynamic,6000.0,10.0,0,edf/strongest,equal,fixed,coloring,802.962873130382,0.825,0.65,0.21806677968153504,296.75,0.016197916666666666,0.3095906070663461,0.021444166661315954,17.18775,46.71716036888959,0,0.0,0,1.0007854208936324,802.332704260811,3.0452800999999
india8,8,32,40,weather_dynamic,normal,False,,,,,False,dynamic,6000.0,10.0,0,edf/strongest,equal,adaptive,coloring,807.156837473406,0.825,0.65,0.2139826555527858,296.75,0.014947916666666667,0.30937529888185183,0.021299999998897572,21.235300000000016,38.01014525216999,0,0.0,0,1.0060126343934084,802.332704260811,3.053202600000077
india8,8,32,40,weather_dynamic,normal,False,,,,,False,dynamic,6000.0,10.0,0,edf/strongest,lp,fixed,coloring,802.962873130382,0.825,0.65,0.21806677968153504,296.75,0.016197916666666666,0.3095906070663461,0.020927166663113894,17.18775,46.71716036888959,0,0.0,0,1.0007854208936324,802.332704260811,3.20304729999998
india8,8,32,40,weather_dynamic,normal,False,,,,,False,dynamic,6000.0,10.0,0,edf/strongest,lp,adaptive,coloring,807.156837473406,0.825,0.65,0.2139826555527858,296.75,0.014947916666666667,0.30937529888185183,0.021912166668016653,21.235300000000016,38.01014525216999,0,0.0,0,1.0060126343934084,802.332704260811,3.2881393000000116
india8,8,32,40,weather_dynamic,normal,False,,,,,False,dynamic,6000.0,10.0,0,hungarian/throughput,equal,fixed,coloring,802.962873130382,0.825,0.65,0.21806677968153504,296.75,0.016197916666666666,0.3095906070663461,0.07093216666172945,17.18775,46.71716036888959,0,0.0,0,1.0007854208936324,802.332704260811,3.1557895999999346
india8,8,32,40,weather_dynamic,normal,False,,,,,False,dynamic,6000.0,10.0,0,hungarian/throughput,equal,adaptive,coloring,807.156837473406,0.825,0.65,0.2139826555527858,296.75,0.014947916666666667,0.30937529888185183,0.07049366666895669,21.235300000000016,38.01014525216999,0,0.0,0,1.0060126343934084,802.332704260811,3.082073799999989
india8,8,32,40,weather_dynamic,normal,False,,,,,False,dynamic,6000.0,10.0,0,hungarian/throughput,lp,fixed,coloring,802.962873130382,0.825,0.65,0.21806677968153504,296.75,0.016197916666666666,0.3095906070663461,0.07545166667038454,17.18775,46.71716036888959,0,0.0,0,1.0007854208936324,802.332704260811,3.3346636000001126
india8,8,32,40,weather_dynamic,normal,False,,,,,False,dynamic,6000.0,10.0,0,hungarian/throughput,lp,adaptive,coloring,807.156837473406,0.825,0.65,0.2139826555527858,296.75,0.014947916666666667,0.30937529888185183,0.07180249999388857,21.235300000000016,38.01014525216999,0,0.0,0,1.0060126343934084,802.332704260811,3.257508800000096
india8,8,32,40,weather_dynamic,normal,False,,,,,False,dynamic,6000.0,10.0,0,mip,equal,fixed,coloring,802.962873130382,0.825,0.65,0.21806677968153504,296.75,0.016197916666666666,0.3095906070663461,0.2434683333361439,17.18775,46.71716036888959,0,0.0,0,1.0007854208936324,802.332704260811,3.237002500000017
india8,8,32,40,weather_dynamic,normal,False,,,,,False,dynamic,6000.0,10.0,0,mip,equal,adaptive,coloring,807.156837473406,0.825,0.65,0.2139826555527858,296.75,0.014947916666666667,0.30937529888185183,0.23883233333587364,21.235300000000016,38.01014525216999,0,0.0,0,1.0060126343934084,802.332704260811,3.2026386000000002
india8,8,32,40,weather_dynamic,normal,False,,,,,False,dynamic,6000.0,10.0,0,mip,lp,fixed,coloring,802.962873130382,0.825,0.65,0.21806677968153504,296.75,0.016197916666666666,0.3095906070663461,0.28258366666629325,17.18775,46.71716036888959,0,0.0,0,1.0007854208936324,802.332704260811,3.850190700000212
india8,8,32,40,weather_dynamic,normal,False,,,,,False,dynamic,6000.0,10.0,0,mip,lp,adaptive,coloring,807.156837473406,0.825,0.65,0.2139826555527858,296.75,0.014947916666666667,0.30937529888185183,0.2613793333284775,21.235300000000016,38.01014525216999,0,0.0,0,1.0060126343934084,802.332704260811,3.594558399999869
india8,8,32,80,stress_all,high,True,2000.0,600.0,1500.0,500.0,True,dynamic,6000.0,10.0,0,oracle_ceiling,,,,1727.8712644766852,,,,,,,,,,,,,1.0,1727.8712644766852,5.87298920000012
india8,8,32,80,stress_all,high,True,2000.0,600.0,1500.0,500.0,True,dynamic,6000.0,10.0,0,fcfs/strongest,equal,fixed,coloring,1632.997026877468,0.775,0.6125,0.2370583519350074,373.375,0.035104166666666665,0.3316725300492399,0.0428989999973813,36.77625,44.403576408075,3,120.0,0,0.9450918366722468,1727.8712644766852,5.485999300000003
india8,8,32,80,stress_all,high,True,2000.0,600.0,1500.0,500.0,True,dynamic,6000.0,10.0,0,fcfs/strongest,equal,adaptive,coloring,1656.8675750437676,0.7875,0.625,0.2259059523540756,324.375,0.03208333333333333,0.33283510657330184,0.042671333330872585,49.36688863636361,33.562325291517766,3,120.0,0,0.9589068405194977,1727.8712644766852,5.4294371999999385
india8,8,32,80,stress_all,high,True,2000.0,600.0,1500.0,500.0,True,dynamic,6000.0,10.0,0,fcfs/strongest,lp,fixed,coloring,1632.997026877468,0.775,0.6125,0.2370583519350074,373.375,0.035104166666666665,0.3316725300492399,0.04306433333681525,36.77625,44.403576408075,3,120.0,0,0.9450918366722468,1727.8712644766852,5.8471477000000505
india8,8,32,80,stress_all,high,True,2000.0,600.0,1500.0,500.0,True,dynamic,6000.0,10.0,0,fcfs/strongest,lp,adaptive,coloring,1656.8675750437676,0.7875,0.625,0.2259059523540756,324.375,0.03208333333333333,0.33283510657330184,0.04321649999913764,49.36688863636361,33.562325291517766,3,120.0,0,0.9589068405194977,1727.8712644766852,5.778818000000001
india8,8,32,80,stress_all,high,True,2000.0,600.0,1500.0,500.0,True,dynamic,6000.0,10.0,0,edf/strongest,equal,fixed,coloring,1632.997026877468,0.775,0.6125,0.2370583519350074,373.375,0.035104166666666665,0.3316725300492399,0.041333500004914946,36.77625,44.403576408075,3,120.0,0,0.9450918366722468,1727.8712644766852,5.48718689999987
india8,8,32,80,stress_all,high,True,2000.0,600.0,1500.0,500.0,True,dynamic,6000.0,10.0,0,edf/strongest,equal,adaptive,coloring,1656.8675750437676,0.7875,0.625,0.2259059523540756,324.375,0.03208333333333333,0.33283510657330184,0.04181516667131291,49.36688863636361,33.562325291517766,3,120.0,0,0.9589068405194977,1727.8712644766852,5.453595000000178
india8,8,32,80,stress_all,high,True,2000.0,600.0,1500.0,500.0,True,dynamic,6000.0,10.0,0,edf/strongest,lp,fixed,coloring,1632.997026877468,0.775,0.6125,0.2370583519350074,373.375,0.035104166666666665,0.3316725300492399,0.044165500001251225,36.77625,44.403576408075,3,120.0,0,0.9450918366722468,1727.8712644766852,5.868976199999906
india8,8,32,80,stress_all,high,True,2000.0,600.0,1500.0,500.0,True,dynamic,6000.0,10.0,0,edf/strongest,lp,adaptive,coloring,1656.8675750437676,0.7875,0.625,0.2259059523540756,324.375,0.03208333333333333,0.33283510657330184,0.04344283333352905,49.36688863636361,33.562325291517766,3,120.0,0,0.9589068405194977,1727.8712644766852,5.927008399999977
india8,8,32,80,stress_all,high,True,2000.0,600.0,1500.0,500.0,True,dynamic,6000.0,10.0,0,hungarian/throughput,equal,fixed,coloring,1632.997026877468,0.775,0.6125,0.2370583519350074,373.375,0.035104166666666665,0.3316725300492399,0.12916416666788186,36.77625,44.403576408075,3,120.0,0,0.9450918366722468,1727.8712644766852,5.5337606000000505
india8,8,32,80,stress_all,high,True,2000.0,600.0,1500.0,500.0,True,dynamic,6000.0,10.0,0,hungarian/throughput,equal,adaptive,coloring,1656.8675750437676,0.7875,0.625,0.2259059523540756,324.375,0.03208333333333333,0.33283510657330184,0.13701616666670208,49.36688863636361,33.562325291517766,3,120.0,0,0.9589068405194977,1727.8712644766852,5.949839999999995
india8,8,32,80,stress_all,high,True,2000.0,600.0,1500.0,500.0,True,dynamic,6000.0,10.0,0,hungarian/throughput,lp,fixed,coloring,1632.997026877468,0.775,0.6125,0.2370583519350074,373.375,0.035104166666666665,0.3316725300492399,0.13527233333282612,36.77625,44.403576408075,3,120.0,0,0.9450918366722468,1727.8712644766852,6.188803999999891
india8,8,32,80,stress_all,high,True,2000.0,600.0,1500.0,500.0,True,dynamic,6000.0,10.0,0,hungarian/throughput,lp,adaptive,coloring,1656.8675750437676,0.7875,0.625,0.2259059523540756,324.375,0.03208333333333333,0.33283510657330184,0.12941999999156906,49.36688863636361,33.562325291517766,3,120.0,0,0.9589068405194977,1727.8712644766852,5.870207400000027
india8,8,32,80,stress_all,high,True,2000.0,600.0,1500.0,500.0,True,dynamic,6000.0,10.0,0,mip,equal,fixed,coloring,1632.997026877468,0.775,0.6125,0.2370583519350074,373.375,0.035104166666666665,0.3316725300492399,0.6873490000005706,36.77625,44.403576408075,3,120.0,0,0.9450918366722468,1727.8712644766852,5.965828699999975
india8,8,32,80,stress_all,high,True,2000.0,600.0,1500.0,500.0,True,dynamic,6000.0,10.0,0,mip,equal,adaptive,coloring,1656.8675750437676,0.7875,0.625,0.2259059523540756,324.375,0.03208333333333333,0.33283510657330184,0.6691581666602057,49.36688863636361,33.562325291517766,3,120.0,0,0.9589068405194977,1727.8712644766852,5.8036617999998725
india8,8,32,80,stress_all,high,True,2000.0,600.0,1500.0,500.0,True,dynamic,6000.0,10.0,0,mip,lp,fixed,coloring,1632.997026877468,0.775,0.6125,0.2370583519350074,373.375,0.035104166666666665,0.3316725300492399,0.6776254999965658,36.77625,44.403576408075,3,120.0,0,0.9450918366722468,1727.8712644766852,6.2422301999999945
india8,8,32,80,stress_all,high,True,2000.0,600.0,1500.0,500.0,True,dynamic,6000.0,10.0,0,mip,lp,adaptive,coloring,1656.8675750437676,0.7875,0.625,0.2259059523540756,324.375,0.03208333333333333,0.33283510657330184,0.6557461666595069,49.36688863636361,33.562325291517766,3,120.0,0,0.9589068405194977,1727.8712644766852,6.147389999999859
india4,4,16,20,baseline,normal,False,,,,,False,static,6000.0,10.0,0,oracle_ceiling,,,,391.54053384921826,,,,,,,,,,,,,1.0,391.54053384921826,0.7544146999998702
india4,4,16,20,baseline,normal,False,,,,,False,static,6000.0,10.0,0,fcfs/strongest,equal,fixed,coloring,389.9335052337599,0.55,0.5,0.39046025670729945,1405.5,0.014375,0.3464360946485271,0.013322833331509779,7.445749999999991,52.36994328761513,0,0.0,0,0.995895626438316,391.54053384921826,1.0439974000000802
india4,4,16,20,baseline,normal,False,,,,,False,static,6000.0,10.0,0,fcfs/strongest,equal,adaptive,coloring,394.37800240740444,0.55,0.5,0.38351266787503346,1405.5,0.014270833333333333,0.34444653902110406,0.014435166668818056,6.078747727272719,64.87816571791595,0,0.0,0,1.0072469343857995,391.54053384921826,1.1096885999997994
india4,4,16,20,baseline,normal,False,,,,,False,static,6000.0,10.0,0,fcfs/strongest,lp,fixed,coloring,389.9335052337599,0.55,0.5,0.39046025670729945,1405.5,0.014375,0.3464360946485271,0.014998500007929275,7.445749999999991,52.36994328761513,0,0.0,0,0.995895626438316,391.54053384921826,1.198921700000028
india4,4,16,20,baseline,normal,False,,,,,False,static,6000.0,10.0,0,fcfs/strongest,lp,adaptive,coloring,394.37800240740444,0.55,0.5,0.38351266787503346,1405.5,0.014270833333333333,0.34444653902110406,0.014936666669503515,6.078747727272719,64.87816571791595,0,0.0,0,1.0072469343857995,391.54053384921826,1.2077899999999318
india4,4,16,20,baseline,normal,False,,,,,False,static,6000.0,10.0,0,edf/strongest,equal,fixed,coloring,389.9335052337599,0.55,0.5,0.39046025670729945,1405.5,0.014375,0.3464360946485271,0.013642666658976546,7.445749999999991,52.36994328761513,0,0.0,0,0.995895626438316,391.54053384921826,1.105578899999955
india4,4,16,20,baseline,normal,False,,,,,False,static,6000.0,10.0,0,edf/strongest,equal,adaptive,coloring,394.37800240740444,0.55,0.5,0.38351266787503346,1405.5,0.014270833333333333,0.34444653902110406,0.013528500001408855,6.078747727272719,64.87816571791595,0,0.0,0,1.0072469343857995,391.54053384921826,1.0893189000000802
india4,4,16,20,baseline,normal,False,,,,,False,static,6000.0,10.0,0,edf/strongest,lp,fixed,coloring,389.9335052337599,0.55,0.5,0.39046025670729945,1405.5,0.014375,0.3464360946485271,0.014008333321650449,7.445749999999991,52.36994328761513,0,0.0,0,0.995895626438316,391.54053384921826,1.1668247000000065
india4,4,16,20,baseline,normal,False,,,,,False,static,6000.0,10.0,0,edf/strongest,lp,adaptive,coloring,394.37800240740444,0.55,0.5,0.38351266787503346,1405.5,0.014270833333333333,0.34444653902110406,0.01437100000468187,6.078747727272719,64.87816571791595,0,0.0,0,1.0072469343857995,391.54053384921826,1.1850205000000642
india4,4,16,20,baseline,normal,False,,,,,False,static,6000.0,10.0,0,hungarian/throughput,equal,fixed,coloring,389.9335052337599,0.55,0.5,0.39046025670729945,1405.5,0.014375,0.3464360946485271,0.03398099999837238,7.445749999999991,52.36994328761513,0,0.0,0,0.995895626438316,391.54053384921826,1.1130482999999458
india4,4,16,20,baseline,normal,False,,,,,False,static,6000.0,10.0,0,hungarian/throughput,equal,adaptive,coloring,394.37800240740444,0.55,0.5,0.38351266787503346,1405.5,0.014270833333333333,0.34444653902110406,0.035413999999415566,6.078747727272719,64.87816571791595,0,0.0,0,1.0072469343857995,391.54053384921826,1.1605313999998543
india4,4,16,20,baseline,normal,False,,,,,False,static,6000.0,10.0,0,hungarian/throughput,lp,fixed,coloring,389.9335052337599,0.55,0.5,0.39046025670729945,1405.5,0.014375,0.3464360946485271,0.035107499993879784,7.445749999999991,52.36994328761513,0,0.0,0,0.995895626438316,391.54053384921826,1.2126087000001462
india4,4,16,20,baseline,normal,False,,,,,False,static,6000.0,10.0,0,hungarian/throughput,lp,adaptive,coloring,394.37800240740444,0.55,0.5,0.38351266787503346,1405.5,0.014270833333333333,0.34444653902110406,0.03609233333842591,6.078747727272719,64.87816571791595,0,0.0,0,1.0072469343857995,391.54053384921826,1.2130816999999752
india4,4,16,20,baseline,normal,False,,,,,False,static,6000.0,10.0,0,mip,equal,fixed,coloring,389.9335052337599,0.55,0.5,0.39046025670729945,1405.5,0.014375,0.3464360946485271,0.06672199998850677,7.445749999999991,52.36994328761513,0,0.0,0,0.995895626438316,391.54053384921826,1.1097294000001057
india4,4,16,20,baseline,normal,False,,,,,False,static,6000.0,10.0,0,mip,equal,adaptive,coloring,394.37800240740444,0.55,0.5,0.38351266787503346,1405.5,0.014270833333333333,0.34444653902110406,0.06783699999004966,6.078747727272719,64.87816571791595,0,0.0,0,1.0072469343857995,391.54053384921826,1.1350007000000915
india4,4,16,20,baseline,normal,False,,,,,False,static,6000.0,10.0,0,mip,lp,fixed,coloring,389.9335052337599,0.55,0.5,0.39046025670729945,1405.5,0.014375,0.3464360946485271,0.06824216666548939,7.445749999999991,52.36994328761513,0,0.0,0,0.995895626438316,391.54053384921826,1.2208908000000065
india4,4,16,20,baseline,normal,False,,,,,False,static,6000.0,10.0,0,mip,lp,adaptive,coloring,394.37800240740444,0.55,0.5,0.38351266787503346,1405.5,0.014270833333333333,0.34444653902110406,0.06855900000042918,6.078747727272719,64.87816571791595,0,0.0,0,1.0072469343857995,391.54053384921826,1.2448001999998723
india4,4,16,40,congested,high,False,,,,,False,static,6000.0,10.0,0,oracle_ceiling,,,,676.6312863990439,,,,,,,,,,,,,1.0,676.6312863990439,1.5902163999999175
india4,4,16,40,congested,high,False,,,,,False,static,6000.0,10.0,0,fcfs/strongest,equal,fixed,coloring,676.5968187677389,0.675,0.55,0.3411232983989019,722.25,0.024583333333333332,0.30867152689717436,0.024284166671198665,13.141,51.48746813543406,0,0.0,0,0.999949059950378,676.6312863990439,1.983296499999824
india4,4,16,40,congested,high,False,,,,,False,static,6000.0,10.0,0,fcfs/strongest,equal,adaptive,coloring,680.6011728541959,0.675,0.55,0.3372238186210739,722.25,0.024270833333333332,0.3076876072181272,0.022834333332184542,12.176254545454512,55.89577405050795,0,0.0,0,1.0058671340432384,676.6312863990439,1.9548423000001094
india4,4,16,40,congested,high,False,,,,,False,static,6000.0,10.0,0,fcfs/strongest,lp,fixed,coloring,676.5968187677389,0.675,0.55,0.3411232983989019,722.25,0.024583333333333332,0.30867152689717436,0.0255123333283791,13.141,51.48746813543406,0,0.0,0,0.999949059950378,676.6312863990439,2.2769488999999794
india4,4,16,40,congested,high,False,,,,,False,static,6000.0,10.0,0,fcfs/strongest,lp,adaptive,coloring,680.6011728541959,0.675,0.55,0.3372238186210739,722.25,0.024270833333333332,0.3076876072181272,0.028009833328042077,12.176254545454512,55.89577405050795,0,0.0,0,1.0058671340432384,676.6312863990439,2.473148200000196
india4,4,16,40,congested,high,False,,,,,False,static,6000.0,10.0,0,edf/strongest,equal,fixed,coloring,676.5968187677389,0.675,0.55,0.3411232983989019,722.25,0.024583333333333332,0.30867152689717436,0.024259999995971764,13.141,51.48746813543406,0,0.0,0,0.999949059950378,676.6312863990439,2.0956037000000833
india4,4,16,40,congested,high,False,,,,,False,static,6000.0,10.0,0,edf/strongest,equal,adaptive,coloring,680.6011728541959,0.675,0.55,0.3372238186210739,722.25,0.024270833333333332,0.3076876072181272,0.02369383333378513,12.176254545454512,55.89577405050795,0,0.0,0,1.0058671340432384,676.6312863990439,1.992251799999849
india4,4,16,40,congested,high,False,,,,,False,static,6000.0,10.0,0,edf/strongest,lp,fixed,coloring,676.5968187677389,0.675,0.55,0.3411232983989019,722.25,0.024583333333333332,0.30867152689717436,0.023285833333754148,13.141,51.48746813543406,0,0.0,0,0.999949059950378,676.6312863990439,2.084821199999851
india4,4,16,40,congested,high,False,,,,,False,static,6000.0,10.0,0,edf/strongest,lp,adaptive,coloring,680.6011728541959,0.675,0.55,0.3372238186210739,722.25,0.024270833333333332,0.3076876072181272,0.023701666658174268,12.176254545454512,55.89577405050795,0,0.0,0,1.0058671340432384,676.6312863990439,2.1123929999998836
india4,4,16,40,congested,high,False,,,,,False,static,6000.0,10.0,0,hungarian/throughput,equal,fixed,coloring,676.5968187677389,0.675,0.55,0.3411232983989019,722.25,0.024583333333333332,0.30867152689717436,0.04743533333756507,13.141,51.48746813543406,0,0.0,0,0.999949059950378,676.6312863990439,1.9436792999999852
india4,4,16,40,congested,high,False,,,,,False,static,6000.0,10.0,0,hungarian/throughput,equal,adaptive,coloring,680.6011728541959,0.675,0.55,0.3372238186210739,722.25,0.024270833333333332,0.3076876072181272,0.04898550000196641,12.176254545454512,55.89577405050795,0,0.0,0,1.0058671340432384,676.6312863990439,1.9652961000001596
india4,4,16,40,congested,high,False,,,,,False,static,6000.0,10.0,0,hungarian/throughput,lp,fixed,coloring,676.5968187677389,0.675,0.55,0.3411232983989019,722.25,0.024583333333333332,0.30867152689717436,0.05150850000556299,13.141,51.48746813543406,0,0.0,0,0.999949059950378,676.6312863990439,2.109662599999865
india4,4,16,40,congested,high,False,,,,,False,static,6000.0,10.0,0,hungarian/throughput,lp,adaptive,coloring,680.6011728541959,0.675,0.55,0.3372238186210739,722.25,0.024270833333333332,0.3076876072181272,0.05127166667042123,12.176254545454512,55.89577405050795,0,0.0,0,1.0058671340432384,676.6312863990439,2.1149047999999766
india4,4,16,40,congested,high,False,,,,,False,static,6000.0,10.0,0,mip,equal,fixed,coloring,676.5968187677389,0.675,0.55,0.3411232983989019,722.25,0.024583333333333332,0.30867152689717436,0.13691249999775817,13.141,51.48746813543406,0,0.0,0,0.999949059950378,676.6312863990439,2.0349464000000808
india4,4,16,40,congested,high,False,,,,,False,static,6000.0,10.0,0,mip,equal,adaptive,coloring,680.6011728541959,0.675,0.55,0.3372238186210739,722.25,0.024270833333333332,0.3076876072181272,0.1363323333301499,12.176254545454512,55.89577405050795,0,0.0,0,1.0058671340432384,676.6312863990439,2.03677289999996
india4,4,16,40,congested,high,False,,,,,False,static,6000.0,10.0,0,mip,lp,fixed,coloring,676.5968187677389,0.675,0.55,0.3411232983989019,722.25,0.024583333333333332,0.30867152689717436,0.14071466666337074,13.141,51.48746813543406,0,0.0,0,0.999949059950378,676.6312863990439,2.1872295000000577
india4,4,16,40,congested,high,False,,,,,False,static,6000.0,10.0,0,mip,lp,adaptive,coloring,680.6011728541959,0.675,0.55,0.3372238186210739,722.25,0.024270833333333332,0.3076876072181272,0.21535566666216255,12.176254545454512,55.89577405050795,0,0.0,0,1.0058671340432384,676.6312863990439,3.2301587000001746
india4,4,16,20,failures,normal,True,2000.0,600.0,1500.0,500.0,False,static,6000.0,10.0,0,oracle_ceiling,,,,391.54053384921826,,,,,,,,,,,,,1.0,391.54053384921826,1.2818583000000672
india4,4,16,20,failures,normal,True,2000.0,600.0,1500.0,500.0,False,static,6000.0,10.0,0,fcfs/strongest,equal,fixed,coloring,365.9967458929131,0.5,0.45,0.42787793420370274,1405.5,0.013541666666666667,0.3133909545741452,0.019324999996873277,6.995999999999992,52.31514378114831,0,0.0,0,0.9347608082739601,391.54053384921826,1.2680605000000469
india4,4,16,20,failures,normal,True,2000.0,600.0,1500.0,500.0,False,static,6000.0,10.0,0,fcfs/strongest,equal,adaptive,coloring,370.4412430665576,0.5,0.45,0.4209303453714367,1405.5,0.0134375,0.31181636816595354,0.02667916667102569,5.749420454545446,64.43105805102316,0,0.0,0,0.9461121162214434,391.54053384921826,1.6991543999999976
india4,4,16,20,failures,normal,True,2000.0,600.0,1500.0,500.0,False,static,6000.0,10.0,0,fcfs/strongest,lp,fixed,coloring,365.9967458929131,0.5,0.45,0.42787793420370274,1405.5,0.013541666666666667,0.3133909545741452,0.023555999995702827,6.995999999999992,52.31514378114831,0,0.0,0,0.9347608082739601,391.54053384921826,1.6586124000000382
india4,4,16,20,failures,normal,True,2000.0,600.0,1500.0,500.0,False,static,6000.0,10.0,0,fcfs/strongest,lp,adaptive,coloring,370.4412430665576,0.5,0.45,0.4209303453714367,1405.5,0.0134375,0.31181636816595354,0.018656666663900978,5.749420454545446,64.43105805102316,0,0.0,0,0.9461121162214434,391.54053384921826,1.3073461000001316
india4,4,16,20,failures,normal,True,2000.0,600.0,1500.0,500.0,False,static,6000.0,10.0,0,edf/strongest,equal,fixed,coloring,365.9967458929131,0.5,0.45,0.42787793420370274,1405.5,0.013541666666666667,0.3133909545741452,0.01698583333488083,6.995999999999992,52.31514378114831,0,0.0,0,0.9347608082739601,391.54053384921826,1.1242303999999876
india4,4,16,20,failures,normal,True,2000.0,600.0,1500.0,500.0,False,static,6000.0,10.0,0,edf/strongest,equal,adaptive,coloring,370.4412430665576,0.5,0.45,0.4209303453714367,1405.5,0.0134375,0.31181636816595354,0.01729966666744076,5.749420454545446,64.43105805102316,0,0.0,0,0.9461121162214434,391.54053384921826,1.2077288999998927
india4,4,16,20,failures,normal,True,2000.0,600.0,1500.0,500.0,False,static,6000.0,10.0,0,edf/strongest,lp,fixed,coloring,365.9967458929131,0.5,0.45,0.42787793420370274,1405.5,0.013541666666666667,0.3133909545741452,0.01706483333464348,6.995999999999992,52.31514378114831,0,0.0,0,0.9347608082739601,391.54053384921826,1.2479686000001493
india4,4,16,20,failures,normal,True,2000.0,600.0,1500.0,500.0,False,static,6000.0,10.0,0,edf/strongest,lp,adaptive,coloring,370.4412430665576,0.5,0.45,0.4209303453714367,1405.5,0.0134375,0.31181636816595354,0.019306666675144395,5.749420454545446,64.43105805102316,0,0.0,0,0.9461121162214434,391.54053384921826,1.3925312000001213
india4,4,16,20,failures,normal,True,2000.0,600.0,1500.0,500.0,False,static,6000.0,10.0,0,hungarian/throughput,equal,fixed,coloring,365.9967458929131,0.5,0.45,0.42787793420370274,1405.5,0.013541666666666667,0.3133909545741452,0.038678166675936154,6.995999999999992,52.31514378114831,0,0.0,0,0.9347608082739601,391.54053384921826,1.0923427000000174
india4,4,16,20,failures,normal,True,2000.0,600.0,1500.0,500.0,False,static,6000.0,10.0,0,hungarian/throughput,equal,adaptive,coloring,370.4412430665576,0.5,0.45,0.4209303453714367,1405.5,0.0134375,0.31181636816595354,0.035686333332402384,5.749420454545446,64.43105805102316,0,0.0,0,0.9461121162214434,391.54053384921826,1.0330997999999454
india4,4,16,20,failures,normal,True,2000.0,600.0,1500.0,500.0,False,static,6000.0,10.0,0,hungarian/throughput,lp,fixed,coloring,365.9967458929131,0.5,0.45,0.42787793420370274,1405.5,0.013541666666666667,0.3133909545741452,0.03819516666681011,6.995999999999992,52.31514378114831,0,0.0,0,0.9347608082739601,391.54053384921826,1.1411722000000282
india4,4,16,20,failures,normal,True,2000.0,600.0,1500.0,500.0,False,static,6000.0,10.0,0,hungarian/throughput,lp,adaptive,coloring,370.4412430665576,0.5,0.45,0.4209303453714367,1405.5,0.0134375,0.31181636816595354,0.03767483333566209,5.749420454545446,64.43105805102316,0,0.0,0,0.9461121162214434,391.54053384921826,1.1340423999999985
india4,4,16,20,failures,normal,True,2000.0,600.0,1500.0,500.0,False,static,6000.0,10.0,0,mip,equal,fixed,coloring,365.9967458929131,0.5,0.45,0.42787793420370274,1405.5,0.013541666666666667,0.3133909545741452,0.07860316666400044,6.995999999999992,52.31514378114831,0,0.0,0,0.9347608082739601,391.54053384921826,1.1246582999999646
india4,4,16,20,failures,normal,True,2000.0,600.0,1500.0,500.0,False,static,6000.0,10.0,0,mip,equal,adaptive,coloring,370.4412430665576,0.5,0.45,0.4209303453714367,1405.5,0.0134375,0.31181636816595354,0.0786271666728074,5.749420454545446,64.43105805102316,0,0.0,0,0.9461121162214434,391.54053384921826,1.1391928999998981
india4,4,16,20,failures,normal,True,2000.0,600.0,1500.0,500.0,False,static,6000.0,10.0,0,mip,lp,fixed,coloring,365.9967458929131,0.5,0.45,0.42787793420370274,1405.5,0.013541666666666667,0.3133909545741452,0.07049466666861312,6.995999999999992,52.31514378114831,0,0.0,0,0.9347608082739601,391.54053384921826,1.127896899999996
india4,4,16,20,failures,normal,True,2000.0,600.0,1500.0,500.0,False,static,6000.0,10.0,0,mip,lp,adaptive,coloring,370.4412430665576,0.5,0.45,0.4209303453714367,1405.5,0.0134375,0.31181636816595354,0.07048433333200896,5.749420454545446,64.43105805102316,0,0.0,0,0.9461121162214434,391.54053384921826,1.134650400000055
india4,4,16,20,handover,normal,False,,,,,True,static,6000.0,10.0,0,oracle_ceiling,,,,391.54053384921826,,,,,,,,,,,,,1.0,391.54053384921826,0.7878946000000724
india4,4,16,20,handover,normal,False,,,,,True,static,6000.0,10.0,0,fcfs/strongest,equal,fixed,coloring,389.9335052337599,0.55,0.5,0.39046025670729945,1405.5,0.014375,0.3464360946485271,0.01422699999541995,7.445749999999991,52.36994328761513,0,0.0,0,0.995895626438316,391.54053384921826,1.1072803999998087
india4,4,16,20,handover,normal,False,,,,,True,static,6000.0,10.0,0,fcfs/strongest,equal,adaptive,coloring,394.37800240740444,0.55,0.5,0.38351266787503346,1405.5,0.014270833333333333,0.34444653902110406,0.015425499999916307,6.078747727272719,64.87816571791595,0,0.0,0,1.0072469343857995,391.54053384921826,1.1804383999999573
india4,4,16,20,handover,normal,False,,,,,True,static,6000.0,10.0,0,fcfs/strongest,lp,fixed,coloring,389.9335052337599,0.55,0.5,0.39046025670729945,1405.5,0.014375,0.3464360946485271,0.015503333331328879,7.445749999999991,52.36994328761513,0,0.0,0,0.995895626438316,391.54053384921826,1.2122251999999207
india4,4,16,20,handover,normal,False,,,,,True,static,6000.0,10.0,0,fcfs/strongest,lp,adaptive,coloring,394.37800240740444,0.55,0.5,0.38351266787503346,1405.5,0.014270833333333333,0.34444653902110406,0.0158036666694746,6.078747727272719,64.87816571791595,0,0.0,0,1.0072469343857995,391.54053384921826,1.2425101000001177
india4,4,16,20,handover,normal,False,,,,,True,static,6000.0,10.0,0,edf/strongest,equal,fixed,coloring,389.9335052337599,0.55,0.5,0.39046025670729945,1405.5,0.014375,0.3464360946485271,0.013558666665479299,7.445749999999991,52.36994328761513,0,0.0,0,0.995895626438316,391.54053384921826,1.0832315000000108
india4,4,16,20,handover,normal,False,,,,,True,static,6000.0,10.0,0,edf/strongest,equal,adaptive,coloring,394.37800240740444,0.55,0.5,0.38351266787503346,1405.5,0.014270833333333333,0.34444653902110406,0.01486999999656291,6.078747727272719,64.87816571791595,0,0.0,0,1.0072469343857995,391.54053384921826,1.138610299999982
india4,4,16,20,handover,normal,False,,,,,True,static,6000.0,10.0,0,edf/strongest,lp,fixed,coloring,389.9335052337599,0.55,0.5,0.39046025670729945,1405.5,0.014375,0.3464360946485271,0.014942000002899174,7.445749999999991,52.36994328761513,0,0.0,0,0.995895626438316,391.54053384921826,1.2212779999999839
india4,4,16,20,handover,normal,False,,,,,True,static,6000.0,10.0,0,edf/strongest,lp,adaptive,coloring,394.37800240740444,0.55,0.5,0.38351266787503346,1405.5,0.014270833333333333,0.34444653902110406,0.015068333332995584,6.078747727272719,64.87816571791595,0,0.0,0,1.0072469343857995,391.54053384921826,1.2442717000001267
india4,4,16,20,handover,normal,False,,,,,True,static,6000.0,10.0,0,hungarian/throughput,equal,fixed,coloring,389.9335052337599,0.55,0.5,0.39046025670729945,1405.5,0.014375,0.3464360946485271,0.03695983333689886,7.445749999999991,52.36994328761513,0,0.0,0,0.995895626438316,391.54053384921826,1.1498664999999164
india4,4,16,20,handover,normal,False,,,,,True,static,6000.0,10.0,0,hungarian/throughput,equal,adaptive,coloring,394.37800240740444,0.55,0.5,0.38351266787503346,1405.5,0.014270833333333333,0.34444653902110406,0.034344166669673847,6.078747727272719,64.87816571791595,0,0.0,0,1.0072469343857995,391.54053384921826,1.1185292000000118
india4,4,16,20,handover,normal,False,,,,,True,static,6000.0,10.0,0,hungarian/throughput,lp,fixed,coloring,389.9335052337599,0.55,0.5,0.39046025670729945,1405.5,0.014375,0.3464360946485271,0.03662616666891457,7.445749999999991,52.36994328761513,0,0.0,0,0.995895626438316,391.54053384921826,1.2365491000000475
india4,4,16,20,handover,normal,False,,,,,True,static,6000.0,10.0,0,hungarian/throughput,lp,adaptive,coloring,394.37800240740444,0.55,0.5,0.38351266787503346,1405.5,0.014270833333333333,0.34444653902110406,0.0403893333312529,6.078747727272719,64.87816571791595,0,0.0,0,1.0072469343857995,391.54053384921826,1.3224668000000293
india4,4,16,20,handover,normal,False,,,,,True,static,6000.0,10.0,0,mip,equal,fixed,coloring,389.9335052337599,0.55,0.5,0.39046025670729945,1405.5,0.014375,0.3464360946485271,0.08511499999788916,7.445749999999991,52.36994328761513,0,0.0,0,0.995895626438316,391.54053384921826,1.345260400000143
india4,4,16,20,handover,normal,False,,,,,True,static,6000.0,10.0,0,mip,equal,adaptive,coloring,394.37800240740444,0.55,0.5,0.38351266787503346,1405.5,0.014270833333333333,0.34444653902110406,0.10228666666534991,6.078747727272719,64.87816571791595,0,0.0,0,1.0072469343857995,391.54053384921826,1.5032066000001123
india4,4,16,20,handover,normal,False,,,,,True,static,6000.0,10.0,0,mip,lp,fixed,coloring,389.9335052337599,0.55,0.5,0.39046025670729945,1405.5,0.014375,0.3464360946485271,0.09621549999489314,7.445749999999991,52.36994328761513,0,0.0,0,0.995895626438316,391.54053384921826,1.638905300000033
india4,4,16,20,handover,normal,False,,,,,True,static,6000.0,10.0,0,mip,lp,adaptive,coloring,394.37800240740444,0.55,0.5,0.38351266787503346,1405.5,0.014270833333333333,0.34444653902110406,0.08238099999516635,6.078747727272719,64.87816571791595,0,0.0,0,1.0072469343857995,391.54053384921826,1.3507114999999885
india4,4,16,20,weather_dynamic,normal,False,,,,,False,dynamic,6000.0,10.0,0,oracle_ceiling,,,,391.54053384921826,,,,,,,,,,,,,1.0,391.54053384921826,0.8101630000001023
india4,4,16,20,weather_dynamic,normal,False,,,,,False,dynamic,6000.0,10.0,0,fcfs/strongest,equal,fixed,coloring,389.30794980789256,0.55,0.5,0.391438118031296,1405.5,0.015520833333333333,0.34615769362380455,0.015965500005753103,7.995749999999992,48.689359948459234,0,0.0,0,0.9942979491308926,391.54053384921826,1.160761500000035
india4,4,16,20,weather_dynamic,normal,False,,,,,False,dynamic,6000.0,10.0,0,fcfs/strongest,equal,adaptive,coloring,394.3011961898629,0.55,0.5,0.3836327305049311,1405.5,0.014895833333333334,0.3444100877920147,0.016897333332129467,7.023943181818172,56.13672918233895,0,0.0,0,1.0070507702318956,391.54053384921826,1.174245400000018
india4,4,16,20,weather_dynamic,normal,False,,,,,False,dynamic,6000.0,10.0,0,fcfs/strongest,lp,fixed,coloring,389.30794980789256,0.55,0.5,0.391438118031296,1405.5,0.015520833333333333,0.34615769362380455,0.015202166667525791,7.995749999999992,48.689359948459234,0,0.0,0,0.9942979491308926,391.54053384921826,1.2468549000000166
india4,4,16,20,weather_dynamic,normal,False,,,,,False,dynamic,6000.0,10.0,0,fcfs/strongest,lp,adaptive,coloring,394.3011961898629,0.55,0.5,0.3836327305049311,1405.5,0.014895833333333334,0.3444100877920147,0.015331666657327029,7.023943181818172,56.13672918233895,0,0.0,0,1.0070507702318956,391.54053384921826,1.2149941000000126
india4,4,16,20,weather_dynamic,normal,False,,,,,False,dynamic,6000.0,10.0,0,edf/strongest,equal,fixed,coloring,389.30794980789256,0.55,0.5,0.391438118031296,1405.5,0.015520833333333333,0.34615769362380455,0.015875000002173085,7.995749999999992,48.689359948459234,0,0.0,0,0.9942979491308926,391.54053384921826,1.2095687999999427
india4,4,16,20,weather_dynamic,normal,False,,,,,False,dynamic,6000.0,10.0,0,edf/strongest,equal,adaptive,coloring,394.3011961898629,0.55,0.5,0.3836327305049311,1405.5,0.014895833333333334,0.3444100877920147,0.016721833331606227,7.023943181818172,56.13672918233895,0,0.0,0,1.0070507702318956,391.54053384921826,1.3034258999998656
india4,4,16,20,weather_dynamic,normal,False,,,,,False,dynamic,6000.0,10.0,0,edf/strongest,lp,fixed,coloring,389.30794980789256,0.55,0.5,0.391438118031296,1405.5,0.015520833333333333,0.34615769362380455,0.015870000005785794,7.995749999999992,48.689359948459234,0,0.0,0,0.9942979491308926,391.54053384921826,1.2602417000000514
india4,4,16,20,weather_dynamic,normal,False,,,,,False,dynamic,6000.0,10.0,0,edf/strongest,lp,adaptive,coloring,394.3011961898629,0.55,0.5,0.3836327305049311,1405.5,0.014895833333333334,0.3444100877920147,0.015422499998673326,7.023943181818172,56.13672918233895,0,0.0,0,1.0070507702318956,391.54053384921826,1.252281499999981
india4,4,16,20,weather_dynamic,normal,False,,,,,False,dynamic,6000.0,10.0,0,hungarian/throughput,equal,fixed,coloring,389.30794980789256,0.55,0.5,0.391438118031296,1405.5,0.015520833333333333,0.34615769362380455,0.03526349999788181,7.995749999999992,48.689359948459234,0,0.0,0,0.9942979491308926,391.54053384921826,1.130513300000075
india4,4,16,20,weather_dynamic,normal,False,,,,,False,dynamic,6000.0,10.0,0,hungarian/throughput,equal,adaptive,coloring,394.3011961898629,0.55,0.5,0.3836327305049311,1405.5,0.014895833333333334,0.3444100877920147,0.04981533334027214,7.023943181818172,56.13672918233895,0,0.0,0,1.0070507702318956,391.54053384921826,1.4589752000001681
india4,4,16,20,weather_dynamic,normal,False,,,,,False,dynamic,6000.0,10.0,0,hungarian/throughput,lp,fixed,coloring,389.30794980789256,0.55,0.5,0.391438118031296,1405.5,0.015520833333333333,0.34615769362380455,0.03834783333710827,7.995749999999992,48.689359948459234,0,0.0,0,0.9942979491308926,391.54053384921826,1.2762291999999889
india4,4,16,20,weather_dynamic,normal,False,,,,,False,dynamic,6000.0,10.0,0,hungarian/throughput,lp,adaptive,coloring,394.3011961898629,0.55,0.5,0.3836327305049311,1405.5,0.014895833333333334,0.3444100877920147,0.03848850000205554,7.023943181818172,56.13672918233895,0,0.0,0,1.0070507702318956,391.54053384921826,1.2768407000000934
india4,4,16,20,weather_dynamic,normal,False,,,,,False,dynamic,6000.0,10.0,0,mip,equal,fixed,coloring,389.30794980789256,0.55,0.5,0.391438118031296,1405.5,0.015520833333333333,0.34615769362380455,0.08494550000439934,7.995749999999992,48.689359948459234,0,0.0,0,0.9942979491308926,391.54053384921826,1.2079782000000705
india4,4,16,20,weather_dynamic,normal,False,,,,,False,dynamic,6000.0,10.0,0,mip,equal,adaptive,coloring,394.3011961898629,0.55,0.5,0.3836327305049311,1405.5,0.014895833333333334,0.3444100877920147,0.07801850000419108,7.023943181818172,56.13672918233895,0,0.0,0,1.0070507702318956,391.54053384921826,1.1688599999999951
india4,4,16,20,weather_dynamic,normal,False,,,,,False,dynamic,6000.0,10.0,0,mip,lp,fixed,coloring,389.30794980789256,0.55,0.5,0.391438118031296,1405.5,0.015520833333333333,0.34615769362380455,0.07579499999868251,7.995749999999992,48.689359948459234,0,0.0,0,0.9942979491308926,391.54053384921826,1.2761891000000105
india4,4,16,20,weather_dynamic,normal,False,,,,,False,dynamic,6000.0,10.0,0,mip,lp,adaptive,coloring,394.3011961898629,0.55,0.5,0.3836327305049311,1405.5,0.014895833333333334,0.3444100877920147,0.06986333332974937,7.023943181818172,56.13672918233895,0,0.0,0,1.0070507702318956,391.54053384921826,1.2258021000000099
india4,4,16,40,stress_all,high,True,2000.0,600.0,1500.0,500.0,True,dynamic,6000.0,10.0,0,oracle_ceiling,,,,676.6312863990439,,,,,,,,,,,,,1.0,676.6312863990439,1.5868430999998964
india4,4,16,40,stress_all,high,True,2000.0,600.0,1500.0,500.0,True,dynamic,6000.0,10.0,0,fcfs/strongest,equal,fixed,coloring,603.6389291884199,0.625,0.5,0.41217041583783304,706.25,0.025104166666666667,0.26574145009408057,0.02683850000039456,13.29175,45.41455633670659,0,0.0,0,0.8921238809410053,676.6312863990439,1.849902400000019
india4,4,16,40,stress_all,high,True,2000.0,600.0,1500.0,500.0,True,dynamic,6000.0,10.0,0,fcfs/strongest,equal,adaptive,coloring,608.0976824680234,0.625,0.5,0.40782843761294485,706.25,0.02375,0.26506011754581227,0.025227166664384033,13.89455454545451,43.765180127128126,0,0.0,0,0.8987135160483805,676.6312863990439,1.8135121000000254
india4,4,16,40,stress_all,high,True,2000.0,600.0,1500.0,500.0,True,dynamic,6000.0,10.0,0,fcfs/strongest,lp,fixed,coloring,603.6389291884199,0.625,0.5,0.41217041583783304,706.25,0.025104166666666667,0.26574145009408057,0.025663666657465,13.29175,45.41455633670659,0,0.0,0,0.8921238809410053,676.6312863990439,1.9721666999998888
india4,4,16,40,stress_all,high,True,2000.0,600.0,1500.0,500.0,True,dynamic,6000.0,10.0,0,fcfs/strongest,lp,adaptive,coloring,608.0976824680234,0.625,0.5,0.40782843761294485,706.25,0.02375,0.26506011754581227,0.02711066666734041,13.89455454545451,43.765180127128126,0,0.0,0,0.8987135160483805,676.6312863990439,2.0205451999997877
india4,4,16,40,stress_all,high,True,2000.0,600.0,1500.0,500.0,True,dynamic,6000.0,10.0,0,edf/strongest,equal,fixed,coloring,603.6389291884199,0.625,0.5,0.41217041583783304,706.25,0.025104166666666667,0.26574145009408057,0.02358449999746881,13.29175,45.41455633670659,0,0.0,0,0.8921238809410053,676.6312863990439,1.7503959999999097
india4,4,16,40,stress_all,high,True,2000.0,600.0,1500.0,500.0,True,dynamic,6000.0,10.0,0,edf/strongest,equal,adaptive,coloring,608.0976824680234,0.625,0.5,0.40782843761294485,706.25,0.02375,0.26506011754581227,0.02591449999537569,13.89455454545451,43.765180127128126,0,0.0,0,0.8987135160483805,676.6312863990439,1.874837700000171
india4,4,16,40,stress_all,high,True,2000.0,600.0,1500.0,500.0,True,dynamic,6000.0,10.0,0,edf/strongest,lp,fixed,coloring,603.6389291884199,0.625,0.5,0.41217041583783304,706.25,0.025104166666666667,0.26574145009408057,0.02459033333707339,13.29175,45.41455633670659,0,0.0,0,0.8921238809410053,676.6312863990439,1.9407803999999942
india4,4,16,40,stress_all,high,True,2000.0,600.0,1500.0,500.0,True,dynamic,6000.0,10.0,0,edf/strongest,lp,adaptive,coloring,608.0976824680234,0.625,0.5,0.40782843761294485,706.25,0.02375,0.26506011754581227,0.02475883333469634,13.89455454545451,43.765180127128126,0,0.0,0,0.8987135160483805,676.6312863990439,1.940374699999893
india4,4,16,40,stress_all,high,True,2000.0,600.0,1500.0,500.0,True,dynamic,6000.0,10.0,0,hungarian/throughput,equal,fixed,coloring,603.6389291884199,0.625,0.5,0.41217041583783304,706.25,0.025104166666666667,0.26574145009408057,0.05141666667062358,13.29175,45.41455633670659,0,0.0,0,0.8921238809410053,676.6312863990439,1.806402700000035
india4,4,16,40,stress_all,high,True,2000.0,600.0,1500.0,500.0,True,dynamic,6000.0,10.0,0,hungarian/throughput,equal,adaptive,coloring,608.0976824680234,0.625,0.5,0.40782843761294485,706.25,0.02375,0.26506011754581227,0.052591999998033614,13.89455454545451,43.765180127128126,0,0.0,0,0.8987135160483805,676.6312863990439,1.8463393999998061
india4,4,16,40,stress_all,high,True,2000.0,600.0,1500.0,500.0,True,dynamic,6000.0,10.0,0,hungarian/throughput,lp,fixed,coloring,603.6389291884199,0.625,0.5,0.41217041583783304,706.25,0.025104166666666667,0.26574145009408057,0.05495833333384326,13.29175,45.41455633670659,0,0.0,0,0.8921238809410053,676.6312863990439,2.028217700000141
india4,4,16,40,stress_all,high,True,2000.0,600.0,1500.0,500.0,True,dynamic,6000.0,10.0,0,hungarian/throughput,lp,adaptive,coloring,608.0976824680234,0.625,0.5,0.40782843761294485,706.25,0.02375,0.26506011754581227,0.05298350000202845,13.89455454545451,43.765180127128126,0,0.0,0,0.8987135160483805,676.6312863990439,1.9482857999998942
india4,4,16,40,stress_all,high,True,2000.0,600.0,1500.0,500.0,True,dynamic,6000.0,10.0,0,mip,equal,fixed,coloring,603.6389291884199,0.625,0.5,0.41217041583783304,706.25,0.025104166666666667,0.26574145009408057,0.13809900000296693,13.29175,45.41455633670659,0,0.0,0,0.8921238809410053,676.6312863990439,1.8771054999999706
india4,4,16,40,stress_all,high,True,2000.0,600.0,1500.0,500.0,True,dynamic,6000.0,10.0,0,mip,equal,adaptive,coloring,608.0976824680234,0.625,0.5,0.40782843761294485,706.25,0.02375,0.26506011754581227,0.13437083332557148,13.89455454545451,43.765180127128126,0,0.0,0,0.8987135160483805,676.6312863990439,1.8494481999998698
india4,4,16,40,stress_all,high,True,2000.0,600.0,1500.0,500.0,True,dynamic,6000.0,10.0,0,mip,lp,fixed,coloring,603.6389291884199,0.625,0.5,0.41217041583783304,706.25,0.025104166666666667,0.26574145009408057,0.13909833333741517,13.29175,45.41455633670659,0,0.0,0,0.8921238809410053,676.6312863990439,1.985253499999999
india4,4,16,40,stress_all,high,True,2000.0,600.0,1500.0,500.0,True,dynamic,6000.0,10.0,0,mip,lp,adaptive,coloring,608.0976824680234,0.625,0.5,0.40782843761294485,706.25,0.02375,0.26506011754581227,0.1438500000044011,13.89455454545451,43.765180127128126,0,0.0,0,0.8987135160483805,676.6312863990439,2.0380139999999756
global6,6,24,40,baseline,normal,False,,,,,False,static,6000.0,10.0,0,oracle_ceiling,,,,666.5320706335415,,,,,,,,,,,,,1.0,666.5320706335415,2.2760593000000426
global6,6,24,40,baseline,normal,False,,,,,False,static,6000.0,10.0,0,fcfs/strongest,equal,fixed,coloring,654.6756135671413,0.75,0.6,0.3624703857292797,413.5,0.01923611111111111,0.29024513133136776,0.023808666668022244,15.340249999999996,42.67698463630916,0,0.0,0,0.98221172305313,666.5320706335415,2.704986799999915
global6,6,24,40,baseline,normal,False,,,,,False,static,6000.0,10.0,0,fcfs/strongest,equal,adaptive,coloring,667.1324129065631,0.75,0.6,0.3503398308203561,413.5,0.017083333333333332,0.2907216759966629,0.023204000000305314,21.016863636363624,31.742719772529846,0,0.0,0,1.000900695254545,666.5320706335415,2.6279254000000947
global6,6,24,40,baseline,normal,False,,,,,False,static,6000.0,10.0,0,fcfs/strongest,lp,fixed,coloring,654.6756135671413,0.75,0.6,0.3624703857292797,413.5,0.01923611111111111,0.29024513133136776,0.028646833336551936,15.340249999999996,42.67698463630916,0,0.0,0,0.98221172305313,666.5320706335415,3.464842800000042
global6,6,24,40,baseline,normal,False,,,,,False,static,6000.0,10.0,0,fcfs/strongest,lp,adaptive,coloring,667.1324129065631,0.75,0.6,0.3503398308203561,413.5,0.017083333333333332,0.2907216759966629,0.024471333328316785,21.016863636363624,31.742719772529846,0,0.0,0,1.000900695254545,666.5320706335415,2.9067684000001464
global6,6,24,40,baseline,normal,False,,,,,False,static,6000.0,10.0,0,edf/strongest,equal,fixed,coloring,654.6756135671413,0.75,0.6,0.3624703857292797,413.5,0.01923611111111111,0.29024513133136776,0.021453833335651023,15.340249999999996,42.67698463630916,0,0.0,0,0.98221172305313,666.5320706335415,2.5231090999998287
global6,6,24,40,baseline,normal,False,,,,,False,static,6000.0,10.0,0,edf/strongest,equal,adaptive,coloring,667.1324129065631,0.75,0.6,0.3503398308203561,413.5,0.017083333333333332,0.2907216759966629,0.021592666664673743,21.016863636363624,31.742719772529846,0,0.0,0,1.000900695254545,666.5320706335415,2.4847996999999395
global6,6,24,40,baseline,normal,False,,,,,False,static,6000.0,10.0,0,edf/strongest,lp,fixed,coloring,654.6756135671413,0.75,0.6,0.3624703857292797,413.5,0.01923611111111111,0.29024513133136776,0.02355433332998776,15.340249999999996,42.67698463630916,0,0.0,0,0.98221172305313,666.5320706335415,2.7832310000001144
global6,6,24,40,baseline,normal,False,,,,,False,static,6000.0,10.0,0,edf/strongest,lp,adaptive,coloring,667.1324129065631,0.75,0.6,0.3503398308203561,413.5,0.017083333333333332,0.2907216759966629,0.023526499996175215,21.016863636363624,31.742719772529846,0,0.0,0,1.000900695254545,666.5320706335415,2.7989536999998563
global6,6,24,40,baseline,normal,False,,,,,False,static,6000.0,10.0,0,hungarian/throughput,equal,fixed,coloring,654.6756135671413,0.75,0.6,0.3624703857292797,413.5,0.01923611111111111,0.29024513133136776,0.06099666666765794,15.340249999999996,42.67698463630916,0,0.0,0,0.98221172305313,666.5320706335415,2.522436799999923
global6,6,24,40,baseline,normal,False,,,,,False,static,6000.0,10.0,0,hungarian/throughput,equal,adaptive,coloring,667.1324129065631,0.75,0.6,0.3503398308203561,413.5,0.017083333333333332,0.2907216759966629,0.06261049999011448,21.016863636363624,31.742719772529846,0,0.0,0,1.000900695254545,666.5320706335415,2.5467005999998946
global6,6,24,40,baseline,normal,False,,,,,False,static,6000.0,10.0,0,hungarian/throughput,lp,fixed,coloring,654.6756135671413,0.75,0.6,0.3624703857292797,413.5,0.01923611111111111,0.29024513133136776,0.06485066666679509,15.340249999999996,42.67698463630916,0,0.0,0,0.98221172305313,666.5320706335415,2.752052699999922
global6,6,24,40,baseline,normal,False,,,,,False,static,6000.0,10.0,0,hungarian/throughput,lp,adaptive,coloring,667.1324129065631,0.75,0.6,0.3503398308203561,413.5,0.017083333333333332,0.2907216759966629,0.061548166669732986,21.016863636363624,31.742719772529846,0,0.0,0,1.000900695254545,666.5320706335415,2.718338899999935
global6,6,24,40,baseline,normal,False,,,,,False,static,6000.0,10.0,0,mip,equal,fixed,coloring,654.6756135671413,0.75,0.6,0.3624703857292797,413.5,0.01923611111111111,0.29024513133136776,0.19364166666681135,15.340249999999996,42.67698463630916,0,0.0,0,0.98221172305313,666.5320706335415,2.694365399999924
global6,6,24,40,baseline,normal,False,,,,,False,static,6000.0,10.0,0,mip,equal,adaptive,coloring,667.1324129065631,0.75,0.6,0.3503398308203561,413.5,0.017083333333333332,0.2907216759966629,0.20203550000019277,21.016863636363624,31.742719772529846,0,0.0,0,1.000900695254545,666.5320706335415,2.701472899999999
global6,6,24,40,baseline,normal,False,,,,,False,static,6000.0,10.0,0,mip,lp,fixed,coloring,654.6756135671413,0.75,0.6,0.3624703857292797,413.5,0.01923611111111111,0.29024513133136776,0.20840866666693122,15.340249999999996,42.67698463630916,0,0.0,0,0.98221172305313,666.5320706335415,3.0148870000000443
global6,6,24,40,baseline,normal,False,,,,,False,static,6000.0,10.0,0,mip,lp,adaptive,coloring,667.1324129065631,0.75,0.6,0.3503398308203561,413.5,0.017083333333333332,0.2907216759966629,0.1942539999993187,21.016863636363624,31.742719772529846,0,0.0,0,1.000900695254545,666.5320706335415,2.7777254000000084
global6,6,24,80,congested,high,False,,,,,False,static,6000.0,10.0,0,oracle_ceiling,,,,1541.5510593235144,,,,,,,,,,,,,1.0,1541.5510593235144,4.488841699999966
global6,6,24,80,congested,high,False,,,,,False,static,6000.0,10.0,0,fcfs/strongest,equal,fixed,coloring,1479.735982632718,0.725,0.6125,0.3086624220929535,609.125,0.043333333333333335,0.351569277907868,0.038946999995535705,34.08025,43.419164549342156,0,0.0,0,0.9599007270521919,1541.5510593235144,4.742995800000017
global6,6,24,80,congested,high,False,,,,,False,static,6000.0,10.0,0,fcfs/strongest,equal,adaptive,coloring,1533.683212715566,0.7375,0.625,0.2834580965794828,577.875,0.03993055555555555,0.35408085497661196,0.040017499998536245,48.26448181818181,31.776643091148017,0,0.0,0,0.9948961491996242,1541.5510593235144,4.777027599999883
global6,6,24,80,congested,high,False,,,,,False,static,6000.0,10.0,0,fcfs/strongest,lp,fixed,coloring,1479.735982632718,0.725,0.6125,0.3086624220929535,609.125,0.043333333333333335,0.351569277907868,0.04224816667336502,34.08025,43.419164549342156,0,0.0,0,0.9599007270521919,1541.5510593235144,5.113467199999832
global6,6,24,80,congested,high,False,,,,,False,static,6000.0,10.0,0,fcfs/strongest,lp,adaptive,coloring,1533.683212715566,0.7375,0.625,0.2834580965794828,577.875,0.03993055555555555,0.35408085497661196,0.04367583333608612,48.26448181818181,31.776643091148017,0,0.0,0,0.9948961491996242,1541.5510593235144,5.489158700000189
global6,6,24,80,congested,high,False,,,,,False,static,6000.0,10.0,0,edf/strongest,equal,fixed,coloring,1479.735982632718,0.725,0.6125,0.3086624220929535,609.125,0.043333333333333335,0.351569277907868,0.04505233333020442,34.08025,43.419164549342156,0,0.0,0,0.9599007270521919,1541.5510593235144,5.5578018999999586
global6,6,24,80,congested,high,False,,,,,False,static,6000.0,10.0,0,edf/strongest,equal,adaptive,coloring,1533.683212715566,0.7375,0.625,0.2834580965794828,577.875,0.03993055555555555,0.35408085497661196,0.04051766666937814,48.26448181818181,31.776643091148017,0,0.0,0,0.9948961491996242,1541.5510593235144,4.980308800000103
global6,6,24,80,congested,high,False,,,,,False,static,6000.0,10.0,0,edf/strongest,lp,fixed,coloring,1479.735982632718,0.725,0.6125,0.3086624220929535,609.125,0.043333333333333335,0.351569277907868,0.039620833330218375,34.08025,43.419164549342156,0,0.0,0,0.9599007270521919,1541.5510593235144,5.119341399999939
global6,6,24,80,congested,high,False,,,,,False,static,6000.0,10.0,0,edf/strongest,lp,adaptive,coloring,1533.683212715566,0.7375,0.625,0.2834580965794828,577.875,0.03993055555555555,0.35408085497661196,0.04063550000031076,48.26448181818181,31.776643091148017,0,0.0,0,0.9948961491996242,1541.5510593235144,5.144629099999975
global6,6,24,80,congested,high,False,,,,,False,static,6000.0,10.0,0,hungarian/throughput,equal,fixed,coloring,1479.735982632718,0.725,0.6125,0.3086624220929535,609.125,0.043333333333333335,0.351569277907868,0.09805566666235185,34.08025,43.419164549342156,0,0.0,0,0.9599007270521919,1541.5510593235144,4.756544699999949
global6,6,24,80,congested,high,False,,,,,False,static,6000.0,10.0,0,hungarian/throughput,equal,adaptive,coloring,1533.683212715566,0.7375,0.625,0.2834580965794828,577.875,0.03993055555555555,0.35408085497661196,0.10485733333174115,48.26448181818181,31.776643091148017,0,0.0,0,0.9948961491996242,1541.5510593235144,4.848752200000035
global6,6,24,80,congested,high,False,,,,,False,static,6000.0,10.0,0,hungarian/throughput,lp,fixed,coloring,1479.735982632718,0.725,0.6125,0.3086624220929535,609.125,0.043333333333333335,0.351569277907868,0.11039066666664135,34.08025,43.419164549342156,0,0.0,0,0.9599007270521919,1541.5510593235144,5.45166069999982
global6,6,24,80,congested,high,False,,,,,False,static,6000.0,10.0,0,hungarian/throughput,lp,adaptive,coloring,1533.683212715566,0.7375,0.625,0.2834580965794828,577.875,0.03993055555555555,0.35408085497661196,0.10677116666821955,48.26448181818181,31.776643091148017,0,0.0,0,0.9948961491996242,1541.5510593235144,5.233645300000035
global6,6,24,80,congested,high,False,,,,,False,static,6000.0,10.0,0,mip,equal,fixed,coloring,1479.735982632718,0.725,0.6125,0.3086624220929535,609.125,0.043333333333333335,0.351569277907868,0.5082108333291065,34.08025,43.419164549342156,0,0.0,0,0.9599007270521919,1541.5510593235144,5.084097300000167
global6,6,24,80,congested,high,False,,,,,False,static,6000.0,10.0,0,mip,equal,adaptive,coloring,1533.683212715566,0.7375,0.625,0.2834580965794828,577.875,0.03993055555555555,0.35408085497661196,0.5323384999966645,48.26448181818181,31.776643091148017,0,0.0,0,0.9948961491996242,1541.5510593235144,5.16411590000007
global6,6,24,80,congested,high,False,,,,,False,static,6000.0,10.0,0,mip,lp,fixed,coloring,1479.735982632718,0.725,0.6125,0.3086624220929535,609.125,0.043333333333333335,0.351569277907868,0.5046886666654397,34.08025,43.419164549342156,0,0.0,0,0.9599007270521919,1541.5510593235144,5.571974599999976
global6,6,24,80,congested,high,False,,,,,False,static,6000.0,10.0,0,mip,lp,adaptive,coloring,1533.683212715566,0.7375,0.625,0.2834580965794828,577.875,0.03993055555555555,0.35408085497661196,0.49565466666687524,48.26448181818181,31.776643091148017,0,0.0,0,0.9948961491996242,1541.5510593235144,5.452048300000115
global6,6,24,40,failures,normal,True,2000.0,600.0,1500.0,500.0,False,static,6000.0,10.0,0,oracle_ceiling,,,,666.5320706335415,,,,,,,,,,,,,1.0,666.5320706335415,2.3551456999998663
global6,6,24,40,failures,normal,True,2000.0,600.0,1500.0,500.0,False,static,6000.0,10.0,0,fcfs/strongest,equal,fixed,coloring,600.8568723209761,0.625,0.525,0.41487961044478755,578.75,0.017847222222222223,0.28551438899795484,0.025316000001491073,14.091249999999993,42.64042383187981,2,2200.0,0,0.9014673093672134,666.5320706335415,2.4154191000000083
global6,6,24,40,failures,normal,True,2000.0,600.0,1500.0,500.0,False,static,6000.0,10.0,0,fcfs/strongest,equal,adaptive,coloring,621.5152621725022,0.65,0.55,0.3947622652427321,447.5,0.01597222222222222,0.2847729533297882,0.02754150000290186,19.407499999999978,32.02448858289336,1,2200.0,0,0.9324611516168297,666.5320706335415,2.6746542000000773
global6,6,24,40,failures,normal,True,2000.0,600.0,1500.0,500.0,False,static,6000.0,10.0,0,fcfs/strongest,lp,fixed,coloring,600.8568723209761,0.625,0.525,0.41487961044478755,578.75,0.017847222222222223,0.28551438899795484,0.028548000000228058,14.091249999999993,42.64042383187981,2,2200.0,0,0.9014673093672134,666.5320706335415,2.9960051999998996
global6,6,24,40,failures,normal,True,2000.0,600.0,1500.0,500.0,False,static,6000.0,10.0,0,fcfs/strongest,lp,adaptive,coloring,621.5152621725022,0.65,0.55,0.3947622652427321,447.5,0.01597222222222222,0.2847729533297882,0.023058333330254754,19.407499999999978,32.02448858289336,1,2200.0,0,0.9324611516168297,666.5320706335415,2.417517500000031
global6,6,24,40,failures,normal,True,2000.0,600.0,1500.0,500.0,False,static,6000.0,10.0,0,edf/strongest,equal,fixed,coloring,600.8568723209761,0.625,0.525,0.41487961044478755,578.75,0.017847222222222223,0.28551438899795484,0.02249400000133998,14.091249999999993,42.64042383187981,2,2200.0,0,0.9014673093672134,666.5320706335415,2.3376656000000366
global6,6,24,40,failures,normal,True,2000.0,600.0,1500.0,500.0,False,static,6000.0,10.0,0,edf/strongest,equal,adaptive,coloring,621.5152621725022,0.65,0.55,0.3947622652427321,447.5,0.01597222222222222,0.2847729533297882,0.022465666666751836,19.407499999999978,32.02448858289336,1,2200.0,0,0.9324611516168297,666.5320706335415,2.2757011999999577
global6,6,24,40,failures,normal,True,2000.0,600.0,1500.0,500.0,False,static,6000.0,10.0,0,edf/strongest,lp,fixed,coloring,600.8568723209761,0.625,0.525,0.41487961044478755,578.75,0.017847222222222223,0.28551438899795484,0.0234235000039007,14.091249999999993,42.64042383187981,2,2200.0,0,0.9014673093672134,666.5320706335415,2.448582100000067
global6,6,24,40,failures,normal,True,2000.0,600.0,1500.0,500.0,False,static,6000.0,10.0,0,edf/strongest,lp,adaptive,coloring,621.5152621725022,0.65,0.55,0.3947622652427321,447.5,0.01597222222222222,0.2847729533297882,0.023636833333284812,19.407499999999978,32.02448858289336,1,2200.0,0,0.9324611516168297,666.5320706335415,2.4023721999999452
global6,6,24,40,failures,normal,True,2000.0,600.0,1500.0,500.0,False,static,6000.0,10.0,0,hungarian/throughput,equal,fixed,coloring,600.8568723209761,0.625,0.525,0.41487961044478755,578.75,0.017847222222222223,0.28551438899795484,0.06459783333146636,14.091249999999993,42.64042383187981,2,2200.0,0,0.9014673093672134,666.5320706335415,2.376597300000185
global6,6,24,40,failures,normal,True,2000.0,600.0,1500.0,500.0,False,static,6000.0,10.0,0,hungarian/throughput,equal,adaptive,coloring,621.5152621725022,0.65,0.55,0.3947622652427321,447.5,0.01597222222222222,0.2847729533297882,0.06522433333695214,19.407499999999978,32.02448858289336,1,2200.0,0,0.9324611516168297,666.5320706335415,2.3643157999999858
global6,6,24,40,failures,normal,True,2000.0,600.0,1500.0,500.0,False,static,6000.0,10.0,0,hungarian/throughput,lp,fixed,coloring,600.8568723209761,0.625,0.525,0.41487961044478755,578.75,0.017847222222222223,0.28551438899795484,0.10416516666623465,14.091249999999993,42.64042383187981,2,2200.0,0,0.9014673093672134,666.5320706335415,3.709184399999913
global6,6,24,40,failures,normal,True,2000.0,600.0,1500.0,500.0,False,static,6000.0,10.0,0,hungarian/throughput,lp,adaptive,coloring,621.5152621725022,0.65,0.55,0.3947622652427321,447.5,0.01597222222222222,0.2847729533297882,0.2823328333336879,19.407499999999978,32.02448858289336,1,2200.0,0,0.9324611516168297,666.5320706335415,10.152025800000047
global6,6,24,40,failures,normal,True,2000.0,600.0,1500.0,500.0,False,static,6000.0,10.0,0,mip,equal,fixed,coloring,600.8568723209761,0.625,0.525,0.41487961044478755,578.75,0.017847222222222223,0.28551438899795484,0.5585844999950496,14.091249999999993,42.64042383187981,2,2200.0,0,0.9014673093672134,666.5320706335415,7.1658577000000605
global6,6,24,40,failures,normal,True,2000.0,600.0,1500.0,500.0,False,static,6000.0,10.0,0,mip,equal,adaptive,coloring,621.5152621725022,0.65,0.55,0.3947622652427321,447.5,0.01597222222222222,0.2847729533297882,0.16702666666901678,19.407499999999978,32.02448858289336,1,2200.0,0,0.9324611516168297,666.5320706335415,2.094919400000208
global6,6,24,40,failures,normal,True,2000.0,600.0,1500.0,500.0,False,static,6000.0,10.0,0,mip,lp,fixed,coloring,600.8568723209761,0.625,0.525,0.41487961044478755,578.75,0.017847222222222223,0.28551438899795484,0.16607400000035946,14.091249999999993,42.64042383187981,2,2200.0,0,0.9014673093672134,666.5320706335415,2.2760309000000234
global6,6,24,40,failures,normal,True,2000.0,600.0,1500.0,500.0,False,static,6000.0,10.0,0,mip,lp,adaptive,coloring,621.5152621725022,0.65,0.55,0.3947622652427321,447.5,0.01597222222222222,0.2847729533297882,0.16103350000245578,19.407499999999978,32.02448858289336,1,2200.0,0,0.9324611516168297,666.5320706335415,2.200033200000007
global6,6,24,40,handover,normal,False,,,,,True,static,6000.0,10.0,0,oracle_ceiling,,,,666.5320706335415,,,,,,,,,,,,,1.0,666.5320706335415,2.0061944999999923
global6,6,24,40,handover,normal,False,,,,,True,static,6000.0,10.0,0,fcfs/strongest,equal,fixed,coloring,654.6756135671413,0.75,0.6,0.3624703857292797,413.5,0.01923611111111111,0.29024513133136776,0.01901783333058423,15.340249999999996,42.67698463630916,0,0.0,0,0.98221172305313,666.5320706335415,2.2283336000000418
global6,6,24,40,handover,normal,False,,,,,True,static,6000.0,10.0,0,fcfs/strongest,equal,adaptive,coloring,667.1324129065631,0.75,0.6,0.3503398308203561,413.5,0.017083333333333332,0.2907216759966629,0.0180468333439876,21.016863636363624,31.742719772529846,0,0.0,0,1.000900695254545,666.5320706335415,2.1620115999999143
global6,6,24,40,handover,normal,False,,,,,True,static,6000.0,10.0,0,fcfs/strongest,lp,fixed,coloring,654.6756135671413,0.75,0.6,0.3624703857292797,413.5,0.01923611111111111,0.29024513133136776,0.018975833332509257,15.340249999999996,42.67698463630916,0,0.0,0,0.98221172305313,666.5320706335415,2.306396500000119
global6,6,24,40,handover,normal,False,,,,,True,static,6000.0,10.0,0,fcfs/strongest,lp,adaptive,coloring,667.1324129065631,0.75,0.6,0.3503398308203561,413.5,0.017083333333333332,0.2907216759966629,0.018663666664148575,21.016863636363624,31.742719772529846,0,0.0,0,1.000900695254545,666.5320706335415,2.2759556000000885
global6,6,24,40,handover,normal,False,,,,,True,static,6000.0,10.0,0,edf/strongest,equal,fixed,coloring,654.6756135671413,0.75,0.6,0.3624703857292797,413.5,0.01923611111111111,0.29024513133136776,0.017270333330543508,15.340249999999996,42.67698463630916,0,0.0,0,0.98221172305313,666.5320706335415,2.1458224000000428
global6,6,24,40,handover,normal,False,,,,,True,static,6000.0,10.0,0,edf/strongest,equal,adaptive,coloring,667.1324129065631,0.75,0.6,0.3503398308203561,413.5,0.017083333333333332,0.2907216759966629,0.017532499999788342,21.016863636363624,31.742719772529846,0,0.0,0,1.000900695254545,666.5320706335415,2.171350099999927
global6,6,24,40,handover,normal,False,,,,,True,static,6000.0,10.0,0,edf/strongest,lp,fixed,coloring,654.6756135671413,0.75,0.6,0.3624703857292797,413.5,0.01923611111111111,0.29024513133136776,0.018738333332445713,15.340249999999996,42.67698463630916,0,0.0,0,0.98221172305313,666.5320706335415,2.3238013000000137
global6,6,24,40,handover,normal,False,,,,,True,static,6000.0,10.0,0,edf/strongest,lp,adaptive,coloring,667.1324129065631,0.75,0.6,0.3503398308203561,413.5,0.017083333333333332,0.2907216759966629,0.018886166666334248,21.016863636363624,31.742719772529846,0,0.0,0,1.000900695254545,666.5320706335415,2.3234056000001146
global6,6,24,40,handover,normal,False,,,,,True,static,6000.0,10.0,0,hungarian/throughput,equal,fixed,coloring,654.6756135671413,0.75,0.6,0.3624703857292797,413.5,0.01923611111111111,0.29024513133136776,0.05071299999751015,15.340249999999996,42.67698463630916,0,0.0,0,0.98221172305313,666.5320706335415,2.207322200000135
global6,6,24,40,handover,normal,False,,,,,True,static,6000.0,10.0,0,hungarian/throughput,equal,adaptive,coloring,667.1324129065631,0.75,0.6,0.3503398308203561,413.5,0.017083333333333332,0.2907216759966629,0.05017600001034831,21.016863636363624,31.742719772529846,0,0.0,0,1.000900695254545,666.5320706335415,2.1782842000000073
global6,6,24,40,handover,normal,False,,,,,True,static,6000.0,10.0,0,hungarian/throughput,lp,fixed,coloring,654.6756135671413,0.75,0.6,0.3624703857292797,413.5,0.01923611111111111,0.29024513133136776,0.05439683333027763,15.340249999999996,42.67698463630916,0,0.0,0,0.98221172305313,666.5320706335415,2.3699507000001176
global6,6,24,40,handover,normal,False,,,,,True,static,6000.0,10.0,0,hungarian/throughput,lp,adaptive,coloring,667.1324129065631,0.75,0.6,0.3503398308203561,413.5,0.017083333333333332,0.2907216759966629,0.05181433334162951,21.016863636363624,31.742719772529846,0,0.0,0,1.000900695254545,666.5320706335415,2.295560900000055
global6,6,24,40,handover,normal,False,,,,,True,static,6000.0,10.0,0,mip,equal,fixed,coloring,654.6756135671413,0.75,0.6,0.3624703857292797,413.5,0.01923611111111111,0.29024513133136776,0.15831600000562202,15.340249999999996,42.67698463630916,0,0.0,0,0.98221172305313,666.5320706335415,2.2430426999999327
global6,6,24,40,handover,normal,False,,,,,True,static,6000.0,10.0,0,mip,equal,adaptive,coloring,667.1324129065631,0.75,0.6,0.3503398308203561,413.5,0.017083333333333332,0.2907216759966629,0.15929900000022218,21.016863636363624,31.742719772529846,0,0.0,0,1.000900695254545,666.5320706335415,2.2574388999998973
global6,6,24,40,handover,normal,False,,,,,True,static,6000.0,10.0,0,mip,lp,fixed,coloring,654.6756135671413,0.75,0.6,0.3624703857292797,413.5,0.01923611111111111,0.29024513133136776,0.15913983333575743,15.340249999999996,42.67698463630916,0,0.0,0,0.98221172305313,666.5320706335415,2.4059001000000535
global6,6,24,40,handover,normal,False,,,,,True,static,6000.0,10.0,0,mip,lp,adaptive,coloring,667.1324129065631,0.75,0.6,0.3503398308203561,413.5,0.017083333333333332,0.2907216759966629,0.15919516666410044,21.016863636363624,31.742719772529846,0,0.0,0,1.000900695254545,666.5320706335415,2.377887499999815
global6,6,24,40,weather_dynamic,normal,False,,,,,False,dynamic,6000.0,10.0,0,oracle_ceiling,,,,666.8346946367063,,,,,,,,,,,,,1.0,666.8346946367063,1.9653453999999329
global6,6,24,40,weather_dynamic,normal,False,,,,,False,dynamic,6000.0,10.0,0,fcfs/strongest,equal,fixed,coloring,656.9364872812594,0.75,0.6,0.36026872445305924,413.5,0.0175,0.2895382555138916,0.017644500004886748,14.090249999999996,46.623479873051195,0,0.0,0,0.9851564301691897,666.8346946367063,2.1385437999999795
global6,6,24,40,weather_dynamic,normal,False,,,,,False,dynamic,6000.0,10.0,0,fcfs/strongest,equal,adaptive,coloring,667.5711195705687,0.75,0.6,0.3499126139140206,413.5,0.01611111111111111,0.29012757250990234,0.01767983333669084,18.140045454545433,36.800961786084855,0,0.0,0,1.001104359055978,666.8346946367063,2.144674699999996
global6,6,24,40,weather_dynamic,normal,False,,,,,False,dynamic,6000.0,10.0,0,fcfs/strongest,lp,fixed,coloring,656.9364872812594,0.75,0.6,0.36026872445305924,413.5,0.0175,0.2895382555138916,0.01881216666712741,14.090249999999996,46.623479873051195,0,0.0,0,0.9851564301691897,666.8346946367063,2.29431529999988
global6,6,24,40,weather_dynamic,normal,False,,,,,False,dynamic,6000.0,10.0,0,fcfs/strongest,lp,adaptive,coloring,667.5711195705687,0.75,0.6,0.3499126139140206,413.5,0.01611111111111111,0.29012757250990234,0.01859616667085599,18.140045454545433,36.800961786084855,0,0.0,0,1.001104359055978,666.8346946367063,2.2617907999999716
global6,6,24,40,weather_dynamic,normal,False,,,,,False,dynamic,6000.0,10.0,0,edf/strongest,equal,fixed,coloring,656.9364872812594,0.75,0.6,0.36026872445305924,413.5,0.0175,0.2895382555138916,0.017211999999062755,14.090249999999996,46.623479873051195,0,0.0,0,0.9851564301691897,666.8346946367063,2.140270399999963
global6,6,24,40,weather_dynamic,normal,False,,,,,False,dynamic,6000.0,10.0,0,edf/strongest,equal,adaptive,coloring,667.5711195705687,0.75,0.6,0.3499126139140206,413.5,0.01611111111111111,0.29012757250990234,0.01752949999778745,18.140045454545433,36.800961786084855,0,0.0,0,1.001104359055978,666.8346946367063,2.136044300000094
global6,6,24,40,weather_dynamic,normal,False,,,,,False,dynamic,6000.0,10.0,0,edf/strongest,lp,fixed,coloring,656.9364872812594,0.75,0.6,0.36026872445305924,413.5,0.0175,0.2895382555138916,0.018314500004332025,14.090249999999996,46.623479873051195,0,0.0,0,0.9851564301691897,666.8346946367063,2.263396000000057
global6,6,24,40,weather_dynamic,normal,False,,,,,False,dynamic,6000.0,10.0,0,edf/strongest,lp,adaptive,coloring,667.5711195705687,0.75,0.6,0.3499126139140206,413.5,0.01611111111111111,0.29012757250990234,0.018414333328185727,18.140045454545433,36.800961786084855,0,0.0,0,1.001104359055978,666.8346946367063,2.264708599999949
global6,6,24,40,weather_dynamic,normal,False,,,,,False,dynamic,6000.0,10.0,0,hungarian/throughput,equal,fixed,coloring,656.9364872812594,0.75,0.6,0.36026872445305924,413.5,0.0175,0.2895382555138916,0.049830999998145366,14.090249999999996,46.623479873051195,0,0.0,0,0.9851564301691897,666.8346946367063,2.1659073000000717
global6,6,24,40,weather_dynamic,normal,False,,,,,False,dynamic,6000.0,10.0,0,hungarian/throughput,equal,adaptive,coloring,667.5711195705687,0.75,0.6,0.3499126139140206,413.5,0.01611111111111111,0.29012757250990234,0.0494661666649184,18.140045454545433,36.800961786084855,0,0.0,0,1.001104359055978,666.8346946367063,2.165347200000042
global6,6,24,40,weather_dynamic,normal,False,,,,,False,dynamic,6000.0,10.0,0,hungarian/throughput,lp,fixed,coloring,656.9364872812594,0.75,0.6,0.36026872445305924,413.5,0.0175,0.2895382555138916,0.052018999992924364,14.090249999999996,46.623479873051195,0,0.0,0,0.9851564301691897,666.8346946367063,2.296961300000021
global6,6,24,40,weather_dynamic,normal,False,,,,,False,dynamic,6000.0,10.0,0,hungarian/throughput,lp,adaptive,coloring,667.5711195705687,0.75,0.6,0.3499126139140206,413.5,0.01611111111111111,0.29012757250990234,0.08923433332673389,18.140045454545433,36.800961786084855,0,0.0,0,1.001104359055978,666.8346946367063,3.288805899999943
global6,6,24,40,weather_dynamic,normal,False,,,,,False,dynamic,6000.0,10.0,0,mip,equal,fixed,coloring,656.9364872812594,0.75,0.6,0.36026872445305924,413.5,0.0175,0.2895382555138916,0.21101683333654364,14.090249999999996,46.623479873051195,0,0.0,0,0.9851564301691897,666.8346946367063,2.894151299999976
global6,6,24,40,weather_dynamic,normal,False,,,,,False,dynamic,6000.0,10.0,0,mip,equal,adaptive,coloring,667.5711195705687,0.75,0.6,0.3499126139140206,413.5,0.01611111111111111,0.29012757250990234,0.17999733332999313,18.140045454545433,36.800961786084855,0,0.0,0,1.001104359055978,666.8346946367063,2.398984100000007
global6,6,24,40,weather_dynamic,normal,False,,,,,False,dynamic,6000.0,10.0,0,mip,lp,fixed,coloring,656.9364872812594,0.75,0.6,0.36026872445305924,413.5,0.0175,0.2895382555138916,0.19257549999906587,14.090249999999996,46.623479873051195,0,0.0,0,0.9851564301691897,666.8346946367063,2.639709099999891
global6,6,24,40,weather_dynamic,normal,False,,,,,False,dynamic,6000.0,10.0,0,mip,lp,adaptive,coloring,667.5711195705687,0.75,0.6,0.3499126139140206,413.5,0.01611111111111111,0.29012757250990234,0.19646050000346804,18.140045454545433,36.800961786084855,0,0.0,0,1.001104359055978,666.8346946367063,2.6613589000000957
global6,6,24,80,stress_all,high,True,2000.0,600.0,1500.0,500.0,True,dynamic,6000.0,10.0,0,oracle_ceiling,,,,1574.68718607693,,,,,,,,,,,,,1.0,1574.68718607693,3.96476789999997
global6,6,24,80,stress_all,high,True,2000.0,600.0,1500.0,500.0,True,dynamic,6000.0,10.0,0,fcfs/strongest,equal,fixed,coloring,1403.2632101688544,0.65,0.55,0.3443907560062382,579.0,0.03777777777777778,0.33800278326333383,0.03663933333617327,29.78225,47.11743438352892,2,1655.0,0,0.8911377590268262,1574.68718607693,3.870026299999836
global6,6,24,80,stress_all,high,True,2000.0,600.0,1500.0,500.0,True,dynamic,6000.0,10.0,0,fcfs/strongest,equal,adaptive,coloring,1449.5192964639782,0.6625,0.5625,0.3227797584782638,547.75,0.035694444444444445,0.33580228627548975,0.04260266666657723,39.443936363636425,36.74884988913778,2,1655.0,0,0.9205125368900813,1574.68718607693,4.4286217999999735
global6,6,24,80,stress_all,high,True,2000.0,600.0,1500.0,500.0,True,dynamic,6000.0,10.0,0,fcfs/strongest,lp,fixed,coloring,1403.2632101688544,0.65,0.55,0.3443907560062382,579.0,0.03777777777777778,0.33800278326333383,0.041224000000662876,29.78225,47.11743438352892,2,1655.0,0,0.8911377590268262,1574.68718607693,4.432477100000142
global6,6,24,80,stress_all,high,True,2000.0,600.0,1500.0,500.0,True,dynamic,6000.0,10.0,0,fcfs/strongest,lp,adaptive,coloring,1449.5192964639782,0.6625,0.5625,0.3227797584782638,547.75,0.035694444444444445,0.33580228627548975,0.0384971666706709,39.443936363636425,36.74884988913778,2,1655.0,0,0.9205125368900813,1574.68718607693,4.117147500000101
global6,6,24,80,stress_all,high,True,2000.0,600.0,1500.0,500.0,True,dynamic,6000.0,10.0,0,edf/strongest,equal,fixed,coloring,1403.2632101688544,0.65,0.55,0.3443907560062382,579.0,0.03777777777777778,0.33800278326333383,0.037456833330982896,29.78225,47.11743438352892,2,1655.0,0,0.8911377590268262,1574.68718607693,4.02908269999989
global6,6,24,80,stress_all,high,True,2000.0,600.0,1500.0,500.0,True,dynamic,6000.0,10.0,0,edf/strongest,equal,adaptive,coloring,1449.5192964639782,0.6625,0.5625,0.3227797584782638,547.75,0.035694444444444445,0.33580228627548975,0.03981199999884666,39.443936363636425,36.74884988913778,2,1655.0,0,0.9205125368900813,1574.68718607693,4.267665500000021
global6,6,24,80,stress_all,high,True,2000.0,600.0,1500.0,500.0,True,dynamic,6000.0,10.0,0,edf/strongest,lp,fixed,coloring,1403.2632101688544,0.65,0.55,0.3443907560062382,579.0,0.03777777777777778,0.33800278326333383,0.04007816666520132,29.78225,47.11743438352892,2,1655.0,0,0.8911377590268262,1574.68718607693,4.337819200000013
global6,6,24,80,stress_all,high,True,2000.0,600.0,1500.0,500.0,True,dynamic,6000.0,10.0,0,edf/strongest,lp,adaptive,coloring,1449.5192964639782,0.6625,0.5625,0.3227797584782638,547.75,0.035694444444444445,0.33580228627548975,0.03878733333484282,39.443936363636425,36.74884988913778,2,1655.0,0,0.9205125368900813,1574.68718607693,4.216365799999949
global6,6,24,80,stress_all,high,True,2000.0,600.0,1500.0,500.0,True,dynamic,6000.0,10.0,0,hungarian/throughput,equal,fixed,coloring,1403.2632101688544,0.65,0.55,0.3443907560062382,579.0,0.03777777777777778,0.33800278326333383,0.1053775000021536,29.78225,47.11743438352892,2,1655.0,0,0.8911377590268262,1574.68718607693,4.527225099999896
global6,6,24,80,stress_all,high,True,2000.0,600.0,1500.0,500.0,True,dynamic,6000.0,10.0,0,hungarian/throughput,equal,adaptive,coloring,1449.5192964639782,0.6625,0.5625,0.3227797584782638,547.75,0.035694444444444445,0.33580228627548975,0.09893883333575104,39.443936363636425,36.74884988913778,2,1655.0,0,0.9205125368900813,1574.68718607693,4.3034595000001445
global6,6,24,80,stress_all,high,True,2000.0,600.0,1500.0,500.0,True,dynamic,6000.0,10.0,0,hungarian/throughput,lp,fixed,coloring,1403.2632101688544,0.65,0.55,0.3443907560062382,579.0,0.03777777777777778,0.33800278326333383,0.09527083333902435,29.78225,47.11743438352892,2,1655.0,0,0.8911377590268262,1574.68718607693,4.263318399999889
global6,6,24,80,stress_all,high,True,2000.0,600.0,1500.0,500.0,True,dynamic,6000.0,10.0,0,hungarian/throughput,lp,adaptive,coloring,1449.5192964639782,0.6625,0.5625,0.3227797584782638,547.75,0.035694444444444445,0.33580228627548975,0.10662483333627885,39.443936363636425,36.74884988913778,2,1655.0,0,0.9205125368900813,1574.68718607693,4.770186099999819
global6,6,24,80,stress_all,high,True,2000.0,600.0,1500.0,500.0,True,dynamic,6000.0,10.0,0,mip,equal,fixed,coloring,1403.2632101688544,0.65,0.55,0.3443907560062382,579.0,0.03777777777777778,0.33800278326333383,0.44945516666643925,29.78225,47.11743438352892,2,1655.0,0,0.8911377590268262,1574.68718607693,4.322247300000072
global6,6,24,80,stress_all,high,True,2000.0,600.0,1500.0,500.0,True,dynamic,6000.0,10.0,0,mip,equal,adaptive,coloring,1449.5192964639782,0.6625,0.5625,0.3227797584782638,547.75,0.035694444444444445,0.33580228627548975,0.4336441666642562,39.443936363636425,36.74884988913778,2,1655.0,0,0.9205125368900813,1574.68718607693,4.086040099999991
global6,6,24,80,stress_all,high,True,2000.0,600.0,1500.0,500.0,True,dynamic,6000.0,10.0,0,mip,lp,fixed,coloring,1403.2632101688544,0.65,0.55,0.3443907560062382,579.0,0.03777777777777778,0.33800278326333383,0.4224358333343995,29.78225,47.11743438352892,2,1655.0,0,0.8911377590268262,1574.68718607693,4.347970100000111
global6,6,24,80,stress_all,high,True,2000.0,600.0,1500.0,500.0,True,dynamic,6000.0,10.0,0,mip,lp,adaptive,coloring,1449.5192964639782,0.6625,0.5625,0.3227797584782638,547.75,0.035694444444444445,0.33580228627548975,0.4243813333289381,39.443936363636425,36.74884988913778,2,1655.0,0,0.9205125368900813,1574.68718607693,4.404149999999845
