congestion_level,congestion_mult,n_satellites,n_stations,n_beams_total,scheduler,seed,delivered_gbit,completion_rate,sla_compliance,drop_rate,mean_wait_s,beam_utilization,fairness,mean_decision_ms,energy_kj,gb_per_kj,sessions_interrupted,mean_recovery_s,proactive_handovers,starvation_pct,wall_time_s
1x,1,20,2,4,fcfs/strongest,0,551.4926761392643,0.85,0.8,0.13791274735365447,225.75,0.5270833333333333,0.4287414172147724,0.012869166668375936,13.075,42.17917217126305,0,0.0,0,0.0,0.20341189999999187
1x,1,20,2,4,fcfs/strongest,1,555.4807039733612,0.55,0.4,0.3302421889107997,416.75,0.5802083333333333,0.4535374347028257,0.017024166709234123,14.2,39.118359434743745,0,0.0,0,0.0,0.2549332999997205
1x,1,20,2,4,fcfs/strongest,2,545.2045394397447,0.8,0.65,0.23992721603630812,248.5,0.5322916666666667,0.5351378039987204,0.013214166676789318,13.175,41.381748724079294,0,0.0,0,0.0,0.21251669999946898
1x,1,20,2,4,edf/strongest,0,561.703974436033,0.8,0.8,0.12195055877802431,258.0,0.5583333333333333,0.4109536910174805,0.01303625000446118,13.8,40.703186553335726,0,0.0,0,0.05,0.21084530000007362
1x,1,20,2,4,edf/strongest,1,543.6799568282573,0.6,0.55,0.3444706625924001,410.75,0.5375,0.4102557896606315,0.01654708332807786,13.2,41.18787551729223,0,0.0,0,0.15,0.2469189000003098
1x,1,20,2,4,edf/strongest,2,545.798463743095,0.7,0.65,0.2390992227492843,274.75,0.5375,0.501053712037996,0.01324875001955661,13.25,41.19233688627132,0,0.0,0,0.1,0.2155114000006506
1x,1,20,2,4,priority/strongest,0,573.8840366213486,0.75,0.75,0.1029108202634394,302.0,0.5645833333333333,0.4116879881146242,0.014376666683801886,13.925,41.21249814156902,0,0.0,0,0.0,0.22132760000022245
1x,1,20,2,4,priority/strongest,1,540.7230378789,0.65,0.55,0.34803589816030356,375.5,0.5364583333333334,0.4289587664680894,0.01619291668551644,13.2,40.96386650597727,0,0.0,0,0.1,0.23949520000041957
1x,1,20,2,4,priority/strongest,2,539.1830779786122,0.65,0.65,0.24832177008935433,272.0,0.5552083333333333,0.5183132492051171,0.01281124996997581,13.65,39.50059179330493,0,0.0,0,0.05,0.21322060000056808
1x,1,20,2,4,hungarian/throughput,0,568.1095926661133,0.9,0.9,0.11193736719744098,219.25,0.5354166666666667,0.4388286257534667,0.5265066666841751,13.3,42.71500696737694,0,0.0,0,0.0,0.32411210000009305
1x,1,20,2,4,hungarian/throughput,1,552.7345340291893,0.75,0.55,0.33355331881599926,310.5,0.525,0.44096875816545406,0.010915000014695883,12.975,42.59996408702808,0,0.0,0,0.05,0.2205073999994056
1x,1,20,2,4,hungarian/throughput,2,540.692109104118,0.85,0.75,0.2462180211186842,208.25,0.5145833333333333,0.5176072301725405,0.010615416643607508,12.775,42.324235546310604,0,0.0,0,0.0,0.19806979999975738
1x,1,20,2,4,mip,0,568.1095926661133,0.9,0.9,0.11193736719744098,219.25,0.5354166666666667,0.4388286257534667,0.04764916668212512,13.3,42.71500696737694,0,0.0,0,0.0,0.21175510000011855
1x,1,20,2,4,mip,1,546.9907006999854,0.75,0.6,0.3404788109353677,305.5,0.51875,0.4355639450195797,0.044364583311562455,12.825,42.650347033137265,0,0.0,0,0.05,0.22760990000006132
1x,1,20,2,4,mip,2,540.692109104118,0.85,0.75,0.2462180211186842,208.25,0.5145833333333333,0.5176072301725405,0.04194708334352981,12.775,42.324235546310604,0,0.0,0,0.0,0.20549249999930908
2x,2,40,2,4,fcfs/strongest,0,561.6205741200995,0.7,0.5,0.45308830730019667,448.875,0.5885416666666666,0.24687750557275845,0.0398745833005402,14.825,37.88334395413825,0,0.0,0,0.0,0.46931969999968715
2x,2,40,2,4,fcfs/strongest,1,571.8249198146817,0.375,0.3,0.5630094730172721,557.0,0.615625,0.26315376582858024,0.04316875004330238,15.15,37.74421912968196,0,0.0,0,0.0,0.5190490000004502
2x,2,40,2,4,fcfs/strongest,2,570.186638522965,0.575,0.475,0.5240307168957359,472.25,0.6041666666666666,0.31217135062476814,0.039539999985057264,15.075,37.82332593850514,0,0.0,0,0.025,0.48429619999933493
2x,2,40,2,4,edf/strongest,0,587.3164089700088,0.575,0.575,0.42806544813034486,490.875,0.5802083333333333,0.22607915110516805,0.04183375003397789,14.5,40.50457992896612,0,0.0,0,0.25,0.48996600000009494
2x,2,40,2,4,edf/strongest,1,566.72206782848,0.375,0.275,0.5669090896679206,555.5,0.615625,0.2867322313816947,0.04291083331509071,15.15,37.40739721640132,0,0.0,0,0.275,0.5221024000002217
2x,2,40,2,4,edf/strongest,2,575.3689839278035,0.525,0.525,0.5197046996577147,474.5,0.5989583333333334,0.34380802291159956,0.03879583333249078,14.9,38.615368048845866,0,0.0,0,0.2,0.48350140000002284
2x,2,40,2,4,priority/strongest,0,577.894329771953,0.525,0.4,0.4372407624268941,509.875,0.5822916666666667,0.21503303684652827,0.041225000029498915,14.5,39.854781363582966,0,0.0,0,0.25,0.4944722999998703
2x,2,40,2,4,priority/strongest,1,575.6996794832389,0.4,0.25,0.5600483686462997,560.625,0.6104166666666667,0.2973314333003788,0.043247499987349634,15.05,38.2524703975574,0,0.0,0,0.4,0.5179735000001529
2x,2,40,2,4,priority/strongest,2,568.4859493756002,0.5,0.475,0.5254503850176536,482.125,0.6041666666666666,0.30446887321056987,0.038827916682748764,15.0,37.899063291706675,0,0.0,0,0.25,0.4845106999991913
2x,2,40,2,4,hungarian/throughput,0,614.3471289032472,0.4,0.4,0.40174266460920494,551.875,0.5885416666666666,0.22384112844046444,0.015236249949642417,14.525,42.29584364222011,0,0.0,0,0.475,0.5020504999993136
2x,2,40,2,4,hungarian/throughput,1,604.1706564271374,0.4,0.35,0.5382907523072649,531.25,0.5958333333333333,0.2731657162865999,0.015381666696612228,14.7,41.10004465490731,0,0.0,0,0.45,0.49976040000001376
2x,2,40,2,4,hungarian/throughput,2,609.773751233516,0.525,0.475,0.4909849589210867,464.375,0.5916666666666667,0.30001048819315457,0.015663333347977943,14.725,41.41078106849005,0,0.0,0,0.35,0.4748768999997992
2x,2,40,2,4,mip,0,613.8011453084284,0.5,0.475,0.4022743488561656,515.0,0.5822916666666667,0.22970153801451018,0.08489833334503297,14.475,42.4042242009277,0,0.0,0,0.425,0.5239125999996759
2x,2,40,2,4,mip,1,604.1706564271374,0.4,0.35,0.5382907523072649,531.25,0.5958333333333333,0.2731657162865999,0.06394833330508239,14.7,41.10004465490731,0,0.0,0,0.45,0.5275062999999136
2x,2,40,2,4,mip,2,609.7312140928412,0.55,0.5,0.4910204672458778,458.125,0.590625,0.3001089650794961,0.07122541665770163,14.725,41.40789229832538,0,0.0,0,0.35,0.4836326000004192
4x,4,80,2,4,fcfs/strongest,0,546.4863250418645,0.3625,0.2,0.7446797693994172,648.1875,0.6072916666666667,0.12224300935123285,0.14299874995913342,15.3,35.71806046025258,0,0.0,0,0.0125,1.0934112000004461
4x,4,80,2,4,fcfs/strongest,1,560.4204722301452,0.3,0.2625,0.7776317330967163,637.9375,0.6208333333333333,0.14301929854549073,0.1347570833483284,15.5,36.15615949871904,0,0.0,0,0.0375,1.0776331999995818
4x,4,80,2,4,fcfs/strongest,2,569.0901920893491,0.225,0.2125,0.7563682580983221,683.375,0.6270833333333333,0.16201965437428087,0.141496250015886,15.5,36.715496263828975,0,0.0,0,0.0625,1.1063868000001094
4x,4,80,2,4,edf/strongest,0,600.5395912051471,0.2625,0.175,0.7194259034761177,679.3125,0.6145833333333334,0.11177493517287697,0.14192083336865835,15.275,39.31519418691634,0,0.0,0,0.55,1.103137300000526
4x,4,80,2,4,edf/strongest,1,594.4223446736585,0.225,0.125,0.764140189119669,675.6875,0.6260416666666667,0.13327413017954873,0.13855666668784275,15.475,38.41178317761929,0,0.0,0,0.575,1.1003271999998105
4x,4,80,2,4,edf/strongest,2,598.8245821361072,0.2625,0.15,0.7436387446711459,668.5,0.625,0.14502526538022267,0.14407583334256438,15.525,38.571631699588224,0,0.0,0,0.6125,1.1190284000003885
4x,4,80,2,4,priority/strongest,0,596.6902177825442,0.3125,0.175,0.7212243435557506,652.375,0.6114583333333333,0.11222361054969274,0.139314166672951,15.3,38.999360639381976,0,0.0,0,0.5125,1.0878005999993547
4x,4,80,2,4,priority/strongest,1,603.4293510346035,0.225,0.1,0.760566314691956,687.4375,0.6260416666666667,0.1381492187774254,0.14463833332077533,15.475,38.99381912986129,0,0.0,0,0.5875,1.1147725999999238
4x,4,80,2,4,priority/strongest,2,592.1734656528381,0.225,0.175,0.746486137082638,682.5625,0.6270833333333333,0.14386905168097622,0.14151375002029454,15.5,38.20473971953794,0,0.0,0,0.5875,1.116115400000126
4x,4,80,2,4,hungarian/throughput,0,628.8059155507267,0.1875,0.1625,0.70621978262837,701.6875,0.61875,0.11847308570998154,0.02520750001243262,15.225,41.30088115275709,0,0.0,0,0.7125,1.106548799999473
4x,4,80,2,4,hungarian/throughput,1,625.8193305220618,0.25,0.225,0.7516822335754805,657.9375,0.609375,0.1492706654483786,0.025383333358301268,15.125,41.37648466261566,0,0.0,0,0.6875,1.0766607000005024
4x,4,80,2,4,hungarian/throughput,2,640.810620283256,0.3,0.2625,0.7256642096123267,646.0625,0.6166666666666667,0.17006542424476695,0.024676666718429868,15.4,41.61107923917246,0,0.0,0,0.6375,1.0479604000001927
4x,4,80,2,4,mip,0,629.0497395137149,0.1875,0.1625,0.7061058672610434,701.6875,0.61875,0.11856188030016146,0.10042666665034024,15.225,41.31689586296979,0,0.0,0,0.7125,1.1167571999994834
4x,4,80,2,4,mip,1,624.3006814192007,0.2625,0.25,0.7522848157183017,649.5,0.6083333333333333,0.14904258883872776,0.10554958334978437,15.125,41.27607811036038,0,0.0,0,0.675,1.0813747000001968
4x,4,80,2,4,mip,2,640.810620283256,0.3,0.2625,0.7256642096123267,646.0625,0.6166666666666667,0.17006542424476695,0.1011712500030626,15.4,41.61107923917246,0,0.0,0,0.6375,1.069845100000748
6x,6,120,2,4,fcfs/strongest,0,548.4081805423093,0.19166666666666668,0.13333333333333333,0.8361650412068492,726.25,0.61875,0.08814285763024886,0.304148749982384,15.425,35.55320457324533,0,0.0,0,0.14166666666666666,1.7382891000006566
6x,6,120,2,4,fcfs/strongest,1,552.5097788034358,0.125,0.1,0.8543642034415366,761.1666666666666,0.6322916666666667,0.09759001610123517,0.32305583332193544,15.55,35.5311754857515,0,0.0,0,0.1,1.7887079000001904
6x,6,120,2,4,fcfs/strongest,2,560.0931959334084,0.175,0.175,0.8216586959665383,725.4583333333334,0.6270833333333333,0.1263165095752611,0.2982524999803597,15.575,35.961039867313545,0,0.0,0,0.08333333333333333,1.7140164000002187
6x,6,120,2,4,edf/strongest,0,605.7593582158845,0.2,0.08333333333333333,0.8190315844783276,721.625,0.6208333333333333,0.0965849710835252,0.3051900000324773,15.5,39.081248917153836,0,0.0,0,0.6916666666666667,1.7522061999998186
6x,6,120,2,4,edf/strongest,1,587.4145328484979,0.15833333333333333,0.11666666666666667,0.8451636754978705,738.0416666666666,0.628125,0.09118983657824545,0.29875666667370143,15.55,37.77585420247574,0,0.0,0,0.675,1.7293577000000369
6x,6,120,2,4,edf/strongest,2,593.7052957994675,0.19166666666666668,0.1,0.8109561454536255,733.625,0.6229166666666667,0.09715662890398134,0.29852749999766576,15.525,38.24188700801723,0,0.0,0,0.7,1.7209188999995604
6x,6,120,2,4,priority/strongest,0,607.6685852542989,0.15833333333333333,0.125,0.8184612098116769,732.8333333333334,0.6270833333333333,0.08228372295898284,0.3059533333347038,15.525,39.141293736186725,0,0.0,0,0.7166666666666667,1.7236664000001838
6x,6,120,2,4,priority/strongest,1,615.5159637225443,0.15,0.08333333333333333,0.8377564323561516,751.0,0.6291666666666667,0.10169233396984213,0.3185424999818073,15.55,39.58302017508323,0,0.0,0,0.725,1.8041002999998454
6x,6,120,2,4,priority/strongest,2,592.4722492517318,0.16666666666666666,0.10833333333333334,0.811348764272875,744.6666666666666,0.6270833333333333,0.09953847358673705,0.30826250001988836,15.55,38.1011092766387,0,0.0,0,0.7166666666666667,1.752116799999385
6x,6,120,2,4,hungarian/throughput,0,627.1949605318956,0.125,0.11666666666666667,0.8126277758796355,742.0416666666666,0.628125,0.08575493297344329,0.033969166664367854,15.45,40.5951430764981,0,0.0,0,0.8083333333333333,1.7020516000002317
6x,6,120,2,4,hungarian/throughput,1,648.3280500407609,0.13333333333333333,0.13333333333333333,0.8291075097288496,754.4583333333334,0.6260416666666667,0.10091071594319688,0.03655791664793166,15.425,42.030991898914806,0,0.0,0,0.8083333333333333,1.7049415000001318
6x,6,120,2,4,hungarian/throughput,2,647.8755529921573,0.21666666666666667,0.19166666666666668,0.7937075975731741,706.2083333333334,0.6166666666666667,0.13310999846167626,0.03702166666244011,15.45,41.93369275030145,0,0.0,0,0.7416666666666667,1.654484699999557
6x,6,120,2,4,mip,0,629.4179015318933,0.15833333333333333,0.13333333333333333,0.8119636803025524,730.4166666666666,0.621875,0.08866899709893158,0.14182249998384577,15.4,40.8712923072658,0,0.0,0,0.7833333333333333,1.7190319999999701
6x,6,120,2,4,mip,1,647.7745594065736,0.14166666666666666,0.14166666666666666,0.8292534040686241,750.0833333333334,0.625,0.10150726833703276,0.13456083330917562,15.425,41.995109199777865,0,0.0,0,0.8,1.7110876999995526
6x,6,120,2,4,mip,2,647.8755529921573,0.21666666666666667,0.19166666666666668,0.7937075975731741,706.2083333333334,0.6166666666666667,0.13310999846167626,0.156662916674577,15.45,41.93369275030145,0,0.0,0,0.7416666666666667,1.6858469999997396
8x,8,160,2,4,fcfs/strongest,0,555.7801175760197,0.1,0.09375,0.8776949315178726,765.53125,0.6322916666666667,0.07543371491043438,0.5385550000103952,15.575,35.684116698299825,0,0.0,0,0.2125,2.499967700000525
8x,8,160,2,4,fcfs/strongest,1,552.0806068311343,0.075,0.075,0.8885843228879572,794.0625,0.6354166666666666,0.07447216618632371,0.5358462500150079,15.55,35.503576002002205,0,0.0,0,0.175,2.4456590999998298
8x,8,160,2,4,fcfs/strongest,2,553.7333626373279,0.0875,0.08125,0.8731921521346974,778.375,0.6354166666666666,0.07810086415425531,0.5153441666645145,15.6,35.495728374187685,0,0.0,0,0.16875,2.377217400000518
8x,8,160,2,4,edf/strongest,0,573.128205959715,0.1375,0.1125,0.8738773081976005,745.5625,0.6270833333333333,0.08690409211059402,0.4840116666665987,15.6,36.7389875615202,0,0.0,0,0.7625,2.3225336000004972
8x,8,160,2,4,edf/strongest,1,586.5553847245451,0.15,0.1,0.8816269498617086,751.0625,0.6229166666666667,0.07116606062288,0.5088833332858183,15.55,37.72060351926335,0,0.0,0,0.71875,2.3988485999998375
8x,8,160,2,4,edf/strongest,2,595.7036885063096,0.11875,0.06875,0.8635807271118264,769.5,0.628125,0.07763672686445029,0.5120229166436729,15.55,38.30891887500383,0,0.0,0,0.775,2.4114389999995183
8x,8,160,2,4,priority/strongest,0,601.4071120061255,0.13125,0.1,0.8676542472581587,747.25,0.628125,0.06309537250835746,0.5228645833616004,15.6,38.55173794911061,0,0.0,0,0.76875,2.4278560999991896
8x,8,160,2,4,priority/strongest,1,614.2134234130277,0.125,0.0625,0.8760452665532585,773.8125,0.6270833333333333,0.0762949512891943,0.5560016666549927,15.55,39.49925552495355,0,0.0,0,0.775,2.583770600000207
8x,8,160,2,4,priority/strongest,2,592.391758650116,0.13125,0.08125,0.86433917644084,766.78125,0.6260416666666667,0.07541896603670788,0.5372149999667878,15.55,38.0959330321618,0,0.0,0,0.775,2.534359299999778
8x,8,160,2,4,hungarian/throughput,0,625.0564631211965,0.1125,0.08125,0.8624499669749746,762.9375,0.625,0.06996642429626437,0.04728833333729199,15.45,40.45672900460819,0,0.0,0,0.8375,2.3085026999997353
8x,8,160,2,4,hungarian/throughput,1,636.9438981931416,0.11875,0.1,0.871458017504173,778.65625,0.6197916666666666,0.07419794065186935,0.044732916649081744,15.35,41.49471649466721,0,0.0,0,0.85,2.3072195000004285
8x,8,160,2,4,hungarian/throughput,2,656.1790882283942,0.1375,0.11875,0.8497315430008552,759.21875,0.6239583333333333,0.08314677124715567,0.04482041664838713,15.525,42.265963815033444,0,0.0,0,0.83125,2.240364600000248
8x,8,160,2,4,mip,0,625.0564631211965,0.1125,0.08125,0.8624499669749746,762.9375,0.625,0.06996642429626437,0.15902375001057104,15.45,40.45672900460819,0,0.0,0,0.8375,2.280083399999967
8x,8,160,2,4,mip,1,636.9438981931416,0.11875,0.1,0.871458017504173,778.65625,0.6197916666666666,0.07419794065186935,0.16860791668780925,15.35,41.49471649466721,0,0.0,0,0.85,2.3640331999995396
8x,8,160,2,4,mip,2,645.9846245781365,0.11875,0.1125,0.8520661287109761,767.375,0.6260416666666667,0.08362584811336343,0.17207916667227133,15.5,41.67642739213784,0,0.0,0,0.84375,2.279540800000177
