target_elev_deg,achieved_elev_deg,weather_state,power_allocator,seed,delivered_gbit,completion_rate,sla_compliance,drop_rate,mean_wait_s,beam_utilization,fairness,mean_decision_ms,energy_kj,gb_per_kj,sessions_interrupted,mean_recovery_s,proactive_handovers,wall_time_s
20.0,19.994636963819495,clear,fixed,0,480.0,1.0,1.0,7.947285970052083e-17,0.0,0.17,1.0,0.004210416652009977,10.4,46.15384615384615,0,0.0,0,0.05625090000103228
20.0,19.994636963819495,clear,fixed,1,480.0,1.0,1.0,6.357828776041667e-17,0.0,0.17,1.0,0.004149166693423467,10.4,46.15384615384615,0,0.0,0,0.054301500000292435
20.0,19.994636963819495,clear,fixed,2,480.0,1.0,1.0,4.76837158203125e-17,0.0,0.17,0.9999999999999999,0.00416749999961515,10.4,46.15384615384615,0,0.0,0,0.05473630000051344
20.0,19.994636963819495,clear,adaptive,0,480.0,1.0,1.0,1.5894571940104167e-17,0.0,0.15,1.0,0.0040445832458620625,18.4,26.086956521739133,0,0.0,0,0.053776400000060676
20.0,19.994636963819495,clear,adaptive,1,480.0,1.0,1.0,4.76837158203125e-17,0.0,0.15,1.0,0.004077083356908892,18.4,26.086956521739133,0,0.0,0,0.053880799998296425
20.0,19.994636963819495,clear,adaptive,2,480.0,1.0,1.0,7.947285970052083e-17,0.0,0.15,1.0,0.004104166684252656,18.4,26.086956521739133,0,0.0,0,0.054301899999700254
20.0,19.994636963819495,light_rain,fixed,0,469.2760635051769,0.0,1.0,0.022341534364214787,345.625,0.2941666666666667,0.9998913643061585,0.006600833368490082,17.65,26.587878952134673,0,0.0,0,0.08384439999827009
20.0,19.994636963819495,light_rain,fixed,1,469.459461299435,0.0,1.0,0.02195945562617715,346.875,0.295,0.9998766096093235,0.00623041667798437,17.7,26.523133406747743,0,0.0,0,0.0797497999992629
20.0,19.994636963819495,light_rain,fixed,2,468.77636543667006,0.0,1.0,0.02338257200693741,349.375,0.2945833333333333,0.9997678324087428,0.006098749956133057,17.675,26.52200087336181,0,0.0,0,0.07888110000021697
20.0,19.994636963819495,light_rain,adaptive,0,480.00000000000006,1.0,1.0,1.9073486328125e-16,0.0,0.20916666666666667,1.0000000000000004,0.0038995833316827584,25.5,18.823529411764707,0,0.0,0,0.05693310000060592
20.0,19.994636963819495,light_rain,adaptive,1,480.0,1.0,1.0,1.430511474609375e-16,0.0,0.20958333333333334,1.0000000000000002,0.003963749979144874,25.55,18.786692759295498,0,0.0,0,0.05725709999933315
20.0,19.994636963819495,light_rain,adaptive,2,480.0,1.0,1.0,1.5894571940104166e-16,0.0,0.20958333333333334,1.0000000000000002,0.003955416658148654,25.55,18.786692759295498,0,0.0,0,0.057149499998558895
20.0,19.994636963819495,heavy_rain,fixed,0,76.05123435367582,0.0,1.0,0.8415599284298422,479.375,0.11625,0.9979840360717862,0.00745291668711919,6.975,10.903402774720549,0,0.0,0,0.07790830000158167
20.0,19.994636963819495,heavy_rain,fixed,1,75.94538954588027,0.0,1.0,0.8417804384460829,480.625,0.11625,0.9980762504509405,0.007702500124651123,6.975,10.888227891882478,0,0.0,0,0.07860299999993003
20.0,19.994636963819495,heavy_rain,fixed,2,75.74077707475358,0.0,1.0,0.8422067144275966,483.125,0.11625,0.9952262747386725,0.007472500063461969,6.975,10.858892770573991,0,0.0,0,0.07730170000104408
20.0,19.994636963819495,heavy_rain,adaptive,0,118.5203657427782,0.0,1.0,0.7530825713692121,479.375,0.11625,0.9982261101353483,0.007506249979390608,13.95,8.496083565790553,0,0.0,0,0.07834409999850322
20.0,19.994636963819495,heavy_rain,adaptive,1,118.38080284212548,0.0,1.0,0.7533733274122387,480.625,0.11625,0.998395722369786,0.0076916666330362204,13.95,8.486079056783188,0,0.0,0,0.07989749999978812
20.0,19.994636963819495,heavy_rain,adaptive,2,118.10580738286025,0.0,1.0,0.7539462346190412,483.125,0.11625,0.9958940927867849,0.007589999942562523,13.95,8.466366120635143,0,0.0,0,0.07916159999876982
20.0,19.994636963819495,storm,fixed,0,0.0,0.0,1.0,1.0,0.0,0.0,1.0,0.008067500016295526,0.0,0.0,0,0.0,0,0.07530289999886008
20.0,19.994636963819495,storm,fixed,1,0.0,0.0,1.0,1.0,0.0,0.0,1.0,0.008414583264008495,0.0,0.0,0,0.0,0,0.07776430000012624
20.0,19.994636963819495,storm,fixed,2,0.0,0.0,1.0,1.0,0.0,0.0,1.0,0.008076249976814626,0.0,0.0,0,0.0,0,0.07598920000054932
20.0,19.994636963819495,storm,adaptive,0,0.0,0.0,1.0,1.0,0.0,0.0,1.0,0.008098750042033013,0.0,0.0,0,0.0,0,0.07485909999923024
20.0,19.994636963819495,storm,adaptive,1,0.0,0.0,1.0,1.0,0.0,0.0,1.0,0.007862499993886255,0.0,0.0,0,0.0,0,0.07464290000098117
20.0,19.994636963819495,storm,adaptive,2,0.0,0.0,1.0,1.0,0.0,0.0,1.0,0.00795916669176222,0.0,0.0,0,0.0,0,0.07459670000025653
20.0,19.994636963819495,extreme,fixed,0,0.0,0.0,1.0,1.0,0.0,0.0,1.0,0.008022083458551302,0.0,0.0,0,0.0,0,0.07502879999992729
20.0,19.994636963819495,extreme,fixed,1,0.0,0.0,1.0,1.0,0.0,0.0,1.0,0.00787458329796209,0.0,0.0,0,0.0,0,0.07385749999957625
20.0,19.994636963819495,extreme,fixed,2,0.0,0.0,1.0,1.0,0.0,0.0,1.0,0.00783166663798814,0.0,0.0,0,0.0,0,0.07399289999921166
20.0,19.994636963819495,extreme,adaptive,0,0.0,0.0,1.0,1.0,0.0,0.0,1.0,0.008109999953376246,0.0,0.0,0,0.0,0,0.07422249999945052
20.0,19.994636963819495,extreme,adaptive,1,0.0,0.0,1.0,1.0,0.0,0.0,1.0,0.007917083341150525,0.0,0.0,0,0.0,0,0.0748358000000735
20.0,19.994636963819495,extreme,adaptive,2,0.0,0.0,1.0,1.0,0.0,0.0,1.0,0.00784416658916598,0.0,0.0,0,0.0,0,0.07367100000010396
30.0,29.95971279656218,clear,fixed,0,480.0,1.0,1.0,1.430511474609375e-16,0.0,0.16291666666666665,1.0000000000000002,0.003810000021076121,9.975,48.120300751879704,0,0.0,0,0.050546500000564265
30.0,29.95971279656218,clear,fixed,1,480.0,1.0,1.0,1.1126200358072918e-16,0.0,0.16166666666666665,1.0,0.0038029166413859157,9.9,48.484848484848484,0,0.0,0,0.05025519999981043
30.0,29.95971279656218,clear,fixed,2,480.00000000000006,1.0,1.0,7.947285970052083e-17,0.0,0.16208333333333333,1.0000000000000002,0.0037070832528722044,9.925,48.36272040302267,0,0.0,0,0.05003299999953015
30.0,29.95971279656218,clear,adaptive,0,480.0,1.0,1.0,4.76837158203125e-17,0.0,0.14916666666666667,0.9999999999999999,0.0037320833068103334,14.68136363636373,32.69451066596468,0,0.0,0,0.05173589999867545
30.0,29.95971279656218,clear,adaptive,1,480.0,1.0,1.0,4.76837158203125e-17,0.0,0.14833333333333334,1.0,0.0036970834495756813,14.581363636363731,32.918731880669384,0,0.0,0,0.05124750000140921
30.0,29.95971279656218,clear,adaptive,2,480.0,1.0,1.0,1.2715657552083334e-16,0.0,0.14875,1.0,0.0037883333789068274,14.605454545454641,32.86443420888812,0,0.0,0,0.05149700000038138
30.0,29.95971279656218,light_rain,fixed,0,480.0,1.0,1.0,1.5894571940104167e-17,0.0,0.21375,0.9999999999999997,0.0037495833642727425,13.025,36.85220729366603,0,0.0,0,0.054475599999932456
30.0,29.95971279656218,light_rain,fixed,1,480.0,1.0,1.0,1.1126200358072918e-16,0.0,0.21375,1.0000000000000002,0.004070833324476553,13.025,36.85220729366603,0,0.0,0,0.05648440000004484
30.0,29.95971279656218,light_rain,fixed,2,480.0,1.0,1.0,1.7484029134114582e-16,0.0,0.21333333333333335,1.0000000000000002,0.0038087500191371264,13.0,36.92307692307692,0,0.0,0,0.05433429999902728
30.0,29.95971279656218,light_rain,adaptive,0,480.0,1.0,1.0,4.76837158203125e-17,0.0,0.18375,1.0,0.003752083360571608,22.45,21.380846325167038,0,0.0,0,0.05334290000064357
30.0,29.95971279656218,light_rain,adaptive,1,480.0,1.0,1.0,4.76837158203125e-17,0.0,0.18416666666666667,0.9999999999999999,0.003833333365340271,22.5,21.333333333333332,0,0.0,0,0.053783999999723164
30.0,29.95971279656218,light_rain,adaptive,2,480.00000000000006,1.0,1.0,1.5894571940104167e-17,0.0,0.18375,1.0000000000000002,0.0039020833128233785,22.45,21.38084632516704,0,0.0,0,0.054366700000173296
30.0,29.95971279656218,heavy_rain,fixed,0,245.83267363202285,0.0,1.0,0.4878485965999524,428.125,0.1925,0.9997475567629913,0.006818750011916563,11.55,21.284214167274705,0,0.0,0,0.07833389999905194
30.0,29.95971279656218,heavy_rain,fixed,1,245.4521928338782,0.0,1.0,0.4886412649294204,430.625,0.19208333333333333,0.9996708039617899,0.0069079167133168085,11.525,21.29737031096557,0,0.0,0,0.07829990000027465
30.0,29.95971279656218,heavy_rain,fixed,2,244.86307823813436,0.0,1.0,0.48986858700388675,433.125,0.19166666666666668,0.9993038012563006,0.006778333370978847,11.5,21.292441585924728,0,0.0,0,0.07777380000152334
30.0,29.95971279656218,heavy_rain,adaptive,0,337.06535623464214,0.0,1.0,0.2977805078444955,428.125,0.1925,0.9998059162190569,0.006966666675604453,23.1,14.59157386297152,0,0.0,0,0.07997129999967001
30.0,29.95971279656218,heavy_rain,adaptive,1,336.5377375316358,0.0,1.0,0.2988797134757587,430.625,0.19208333333333333,0.9997465137294803,0.006844583314583966,23.05,14.600335684669666,0,0.0,0,0.07948750000105065
30.0,29.95971279656218,heavy_rain,adaptive,2,335.7712053626032,0.0,1.0,0.3004766554945767,433.125,0.19166666666666668,0.9994586944763116,0.0068704166551469825,23.0,14.598748059243619,0,0.0,0,0.07991210000000137
30.0,29.95971279656218,storm,fixed,0,139.44639091809148,0.0,1.0,0.7094866855873094,465.625,0.14375,0.9992539274143731,0.00760708329986907,8.625,16.167697497749735,0,0.0,0,0.08109500000136904
30.0,29.95971279656218,storm,fixed,1,138.7520653766364,0.0,1.0,0.7109331971320076,466.875,0.1425,0.9992045023018781,0.0076879166044818694,8.55,16.228311739957473,0,0.0,0,0.08150660000137577
30.0,29.95971279656218,storm,fixed,2,138.7867821484554,0.0,1.0,0.7108608705240511,469.375,0.14333333333333334,0.9984985375014248,0.0075362499652934884,8.6,16.137997924239,0,0.0,0,0.08150550000027579
30.0,29.95971279656218,storm,adaptive,0,201.7821887276138,0.0,1.0,0.5796204401508045,465.625,0.14375,0.9993767869896639,0.007444583335806479,17.25,11.697518187108047,0,0.0,0,0.08178760000009788
30.0,29.95971279656218,storm,adaptive,1,200.6997298745062,0.0,1.0,0.5818755627614454,466.875,0.1425,0.999370405158184,0.007508750013585086,17.1,11.736826308450654,0,0.0,0,0.08186830000158807
30.0,29.95971279656218,storm,adaptive,2,200.9035359892534,0.0,1.0,0.5814509666890554,469.375,0.14333333333333334,0.9988473118529774,0.007321666619949004,17.2,11.680438138910082,0,0.0,0,0.07951670000147715
30.0,29.95971279656218,extreme,fixed,0,0.0,0.0,1.0,1.0,0.0,0.0,1.0,0.007951666718023869,0.0,0.0,0,0.0,0,0.07548820000010892
30.0,29.95971279656218,extreme,fixed,1,0.0,0.0,1.0,1.0,0.0,0.0,1.0,0.00796374998420409,0.0,0.0,0,0.0,0,0.07527140000092913
30.0,29.95971279656218,extreme,fixed,2,0.0,0.0,1.0,1.0,0.0,0.0,1.0,0.008327500078545805,0.0,0.0,0,0.0,0,0.07701089999864053
30.0,29.95971279656218,extreme,adaptive,0,0.0,0.0,1.0,1.0,0.0,0.0,1.0,0.008643749993098027,0.0,0.0,0,0.0,0,0.08312929999920016
30.0,29.95971279656218,extreme,adaptive,1,0.0,0.0,1.0,1.0,0.0,0.0,1.0,0.008122500040978291,0.0,0.0,0,0.0,0,0.07744740000089223
30.0,29.95971279656218,extreme,adaptive,2,0.0,0.0,1.0,1.0,0.0,0.0,1.0,0.008017083268896386,0.0,0.0,0,0.0,0,0.07600910000110161
40.0,39.97485151835689,clear,fixed,0,480.0,1.0,1.0,7.947285970052083e-17,0.0,0.16,1.0,0.0036320833335897382,9.8,48.97959183673469,0,0.0,0,0.049251300000833
40.0,39.97485151835689,clear,fixed,1,480.0,1.0,1.0,6.357828776041667e-17,0.0,0.16,1.0,0.0036787500069597927,9.8,48.97959183673469,0,0.0,0,0.04942339999979595
40.0,39.97485151835689,clear,fixed,2,480.0,1.0,1.0,3.1789143880208334e-17,0.0,0.16,1.0,0.004856666707079664,9.8,48.97959183673469,0,0.0,0,0.061247800000273855
40.0,39.97485151835689,clear,adaptive,0,480.0,1.0,1.0,3.1789143880208334e-17,0.0,0.14708333333333334,1.0,0.0036083333573818286,13.451136363636458,35.68471741150604,0,0.0,0,0.05053059999954712
40.0,39.97485151835689,clear,adaptive,1,480.0,1.0,1.0,9.5367431640625e-17,0.0,0.14666666666666667,1.0,0.0036574999209430343,13.491818181818275,35.577117444915864,0,0.0,0,0.05119110000123328
40.0,39.97485151835689,clear,adaptive,2,480.0,1.0,1.0,4.76837158203125e-17,0.0,0.14666666666666667,1.0,0.0036304166769696167,13.452954545454634,35.67989458212941,0,0.0,0,0.05051319999984116
40.0,39.97485151835689,light_rain,fixed,0,480.0,1.0,1.0,7.947285970052083e-17,0.0,0.2,1.0,0.003952083382804025,12.2,39.34426229508197,0,0.0,0,0.05618020000110846
40.0,39.97485151835689,light_rain,fixed,1,480.00000000000006,1.0,1.0,9.5367431640625e-17,0.0,0.2,1.0000000000000002,0.0039604166734837545,12.2,39.344262295081975,0,0.0,0,0.05455889999939245
40.0,39.97485151835689,light_rain,fixed,2,480.0,1.0,1.0,1.2715657552083334e-16,0.0,0.2,1.0,0.0037666666457880638,12.2,39.34426229508197,0,0.0,0,0.05309260000103677
40.0,39.97485151835689,light_rain,adaptive,0,480.0,1.0,1.0,0.0,0.0,0.18083333333333335,0.9999999999999999,0.003640000106012546,18.70159090909095,25.66626563126612,0,0.0,0,0.053776999999172403
40.0,39.97485151835689,light_rain,adaptive,1,480.0,1.0,1.0,6.357828776041667e-17,0.0,0.18,1.0,0.0036754166406656927,18.63613636363641,25.756411663556808,0,0.0,0,0.053493199999138596
40.0,39.97485151835689,light_rain,adaptive,2,480.0,1.0,1.0,1.7484029134114582e-16,0.0,0.18,1.0000000000000002,0.0037483333244381356,18.6879545454546,25.68499398007946,0,0.0,0,0.05406539999967208
40.0,39.97485151835689,heavy_rain,fixed,0,361.4976479248275,0.0,1.0,0.24687990015660935,408.125,0.21625,0.9999180569843398,0.006722916600665485,12.975,27.861090398830637,0,0.0,0,0.0800595999990037
40.0,39.97485151835689,heavy_rain,fixed,1,361.4863589269777,0.0,1.0,0.24690341890212983,409.375,0.21666666666666667,0.999881020669741,0.006840833179921901,13.0,27.806642994382898,0,0.0,0,0.079148200000418
40.0,39.97485151835689,heavy_rain,fixed,2,360.91769069492864,0.0,1.0,0.24808814438556528,411.875,0.21625,0.9997748338364425,0.006701250034287416,12.975,27.816392346429954,0,0.0,0,0.07847599999877275
40.0,39.97485151835689,heavy_rain,adaptive,0,470.6845112295731,0.0,1.0,0.01940726827172268,408.125,0.21625,0.99993784401123,0.006604166727205059,25.95,18.138131453933454,0,0.0,0,0.08040600000094855
40.0,39.97485151835689,heavy_rain,adaptive,1,470.77292189062155,0.0,1.0,0.019223079394538434,409.375,0.21666666666666667,0.99990452772756,0.006829166636634909,26.0,18.106650841946983,0,0.0,0,0.08125880000079633
40.0,39.97485151835689,heavy_rain,adaptive,2,470.0305255744358,0.125,1.0,0.020769738386591977,366.875,0.21583333333333332,0.9998272243259171,0.006645416662346785,25.95,18.11292969458327,0,0.0,0,0.07981900000049791
40.0,39.97485151835689,storm,fixed,0,247.36312099276617,0.0,1.0,0.48466016459840383,438.75,0.17541666666666667,0.9998219747633841,0.006934166731298319,10.525,23.50243429860011,0,0.0,0,0.07771879999927478
40.0,39.97485151835689,storm,fixed,1,246.83321903872005,0.0,1.0,0.4857641270026666,440.625,0.17458333333333334,0.9997945210548356,0.007061666739597664,10.475,23.564030457157045,0,0.0,0,0.07788349999827915
40.0,39.97485151835689,storm,fixed,2,246.11860263740127,0.0,1.0,0.4872529111720807,443.75,0.17375,0.9995367801907298,0.006850000022495806,10.425,23.608499053947362,0,0.0,0,0.0779383000008238
40.0,39.97485151835689,storm,adaptive,0,332.5205039225463,0.0,1.0,0.30724895016136183,438.75,0.17541666666666667,0.9998598509739357,0.006871250047879585,21.05,15.796698523636405,0,0.0,0,0.07889009999962582
40.0,39.97485151835689,storm,adaptive,1,331.73266296346156,0.0,1.0,0.3088902854927886,440.625,0.17458333333333334,0.9998450680635109,0.006973333370297041,20.95,15.83449465219387,0,0.0,0,0.0789889999996376
40.0,39.97485151835689,storm,adaptive,2,330.7396520162779,0.0,1.0,0.3109590582994211,443.75,0.17375,0.9996412062164752,0.007140416732909216,20.85,15.862813046344263,0,0.0,0,0.08005969999976514
40.0,39.97485151835689,extreme,fixed,0,43.95977847050219,0.0,1.0,0.9084171281864537,518.125,0.06916666666666667,0.9983269114448241,0.007757499982593194,4.15,10.592717703735465,0,0.0,0,0.07753820000107225
40.0,39.97485151835689,extreme,fixed,1,43.885746749410416,0.0,1.0,0.9085713609387284,520.0,0.06916666666666667,0.997110520979621,0.007629166611877736,4.15,10.57487873479769,0,0.0,0,0.07604209999954037
40.0,39.97485151835689,extreme,fixed,2,43.044093091242786,0.0,1.0,0.910324806059911,523.75,0.0675,0.9937163278639761,0.007718333336015348,4.05,10.628171133640194,0,0.0,0,0.07633170000008249
40.0,39.97485151835689,extreme,adaptive,0,68.8424537276695,0.0,1.0,0.8565782214006887,518.125,0.06916666666666667,0.9986222519999305,0.007727499943636454,8.3,8.294271533454156,0,0.0,0,0.07724099999904865
40.0,39.97485151835689,extreme,adaptive,1,68.74370373970513,0.0,1.0,0.8567839505422811,520.0,0.06916666666666667,0.9975280075835757,0.007946250040428518,8.3,8.282373944542785,0,0.0,0,0.07901270000002114
40.0,39.97485151835689,extreme,adaptive,2,67.38180715618783,0.0,1.0,0.8596212350912753,523.75,0.0675,0.9945941299788617,0.0078962500462391,8.1,8.31874162422072,0,0.0,0,0.07802480000100331
50.0,49.97493967875336,clear,fixed,0,480.0,1.0,1.0,7.947285970052083e-17,0.0,0.16,1.0000000000000002,0.0036558334538009754,9.8,48.97959183673469,0,0.0,0,0.04912499999954889
50.0,49.97493967875336,clear,fixed,1,480.0,1.0,1.0,6.357828776041667e-17,0.0,0.16,1.0,0.0035854166071658256,9.8,48.97959183673469,0,0.0,0,0.048753700000816025
50.0,49.97493967875336,clear,fixed,2,480.00000000000006,1.0,1.0,1.5894571940104167e-17,0.0,0.16,1.0000000000000002,0.00367124994227197,9.8,48.9795918367347,0,0.0,0,0.04960419999952137
50.0,49.97493967875336,clear,adaptive,0,479.99999999999994,1.0,1.0,1.2715657552083334e-16,0.0,0.14666666666666667,0.9999999999999999,0.0035925000778055014,12.977954545454633,36.98579759382144,0,0.0,0,0.05062039999938861
50.0,49.97493967875336,clear,adaptive,1,480.0,1.0,1.0,7.947285970052083e-17,0.0,0.14666666666666667,1.0000000000000002,0.0036124999572469583,13.051363636363723,36.77776616863417,0,0.0,0,0.050227200001245365
50.0,49.97493967875336,clear,adaptive,2,480.0,1.0,1.0,9.5367431640625e-17,0.0,0.14666666666666667,1.0,0.0036341666600492317,12.982272727272811,36.97349532579368,0,0.0,0,0.05056409999997413
50.0,49.97493967875336,light_rain,fixed,0,480.0,1.0,1.0,7.947285970052083e-17,0.0,0.19708333333333333,1.0,0.0037220833367731148,12.025,39.91683991683992,0,0.0,0,0.0541060000014113
50.0,49.97493967875336,light_rain,fixed,1,480.0,1.0,1.0,1.2715657552083334e-16,0.0,0.19666666666666666,1.0,0.0036595833459311207,12.0,40.0,0,0.0,0,0.05204119999871182
50.0,49.97493967875336,light_rain,fixed,2,480.0,1.0,1.0,1.5894571940104167e-17,0.0,0.19666666666666666,0.9999999999999999,0.0037174999912773883,12.0,40.0,0,0.0,0,0.05256790000021283
50.0,49.97493967875336,light_rain,adaptive,0,480.0,1.0,1.0,6.357828776041667e-17,0.0,0.18,1.0,0.0036441666755611854,17.51340909090907,27.407570822356927,0,0.0,0,0.05382119999921997
50.0,49.97493967875336,light_rain,adaptive,1,480.0,1.0,1.0,1.1126200358072918e-16,0.0,0.18,1.0,0.003600833323010496,17.565227272727245,27.326717300451605,0,0.0,0,0.05327480000050855
50.0,49.97493967875336,light_rain,adaptive,2,479.99999999999994,1.0,1.0,9.5367431640625e-17,0.0,0.18,0.9999999999999997,0.003673750037099429,17.59977272727272,27.273079456088027,0,0.0,0,0.05382079999981215
50.0,49.97493967875336,heavy_rain,fixed,0,423.8528804702973,0.0,1.0,0.11697316568688063,407.5,0.225,0.9999706430568244,0.006682916606829774,13.5,31.396509664466468,0,0.0,0,0.0789466000005632
50.0,49.97493967875336,heavy_rain,fixed,1,423.90381022609864,0.0,1.0,0.1168670620289612,407.5,0.22541666666666665,0.9999654682774242,0.006603333198048253,13.525,31.342241051837238,0,0.0,0,0.07885279999936756
50.0,49.97493967875336,heavy_rain,fixed,2,423.4432702007489,0.0,1.0,0.11782652041510643,410.625,0.225,0.9999368225927229,0.006610833262736075,13.5,31.366168163018436,0,0.0,0,0.07871919999888632
50.0,49.97493967875336,heavy_rain,adaptive,0,480.0,1.0,1.0,7.947285970052083e-17,0.0,0.18541666666666667,1.0,0.004244999922775605,22.65,21.192052980132452,0,0.0,0,0.0582245999994484
50.0,49.97493967875336,heavy_rain,adaptive,1,480.0,1.0,1.0,9.5367431640625e-17,0.0,0.18458333333333332,1.0,0.0043245833846109845,22.55,21.286031042128602,0,0.0,0,0.058913400000164984
50.0,49.97493967875336,heavy_rain,adaptive,2,480.0,1.0,1.0,1.2715657552083334e-16,0.0,0.18541666666666667,1.0000000000000002,0.004350416656961897,22.65,21.192052980132452,0,0.0,0,0.058536000000458444
50.0,49.97493967875336,storm,fixed,0,309.2830898327041,0.0,1.0,0.35566022951519966,435.625,0.18708333333333332,0.9999503024525006,0.007000000065697047,11.225,27.553059227857826,0,0.0,0,0.07888800000000629
50.0,49.97493967875336,storm,fixed,1,308.9836275603938,0.0,1.0,0.3562841092491796,436.25,0.18666666666666668,0.9999259835929283,0.006792916641037057,11.2,27.587823889320877,0,0.0,0,0.0783605999986321
50.0,49.97493967875336,storm,fixed,2,308.5302104882959,0.0,1.0,0.35722872814938356,440.0,0.18625,0.9998355618118938,0.006796666715066142,11.175,27.608967381502985,0,0.0,0,0.07776139999987208
50.0,49.97493967875336,storm,adaptive,0,403.32107814018997,0.0,1.0,0.15974775387460435,435.625,0.18708333333333332,0.9999618102497115,0.006968333362541065,22.45,17.965304148783517,0,0.0,0,0.08003949999874749
50.0,49.97493967875336,storm,adaptive,1,402.8942742465595,0.0,1.0,0.16063692865300103,436.25,0.18666666666666668,0.9999386522416467,0.006921250011752514,22.4,17.986351528864265,0,0.0,0,0.08025789999919652
50.0,49.97493967875336,storm,adaptive,2,402.30032153303046,0.0,1.0,0.16187433013951993,440.0,0.18625,0.9998623326427131,0.007045416691653372,22.35,18.000014386265345,0,0.0,0,0.08095599999978731
50.0,49.97493967875336,extreme,fixed,0,88.14077439490285,0.0,1.0,0.8163733866772858,503.125,0.09583333333333334,0.999530652852246,0.0077266666115368325,5.75,15.328830329548321,0,0.0,0,0.0783220999983314
50.0,49.97493967875336,extreme,fixed,1,88.22520967787526,0.0,1.0,0.8161974798377598,505.0,0.09625,0.9995788723272877,0.007634166703004061,5.775,15.277092584913463,0,0.0,0,0.07827660000111791
50.0,49.97493967875336,extreme,fixed,2,87.68489392211667,0.0,1.0,0.817323137662257,508.125,0.09541666666666666,0.999120985564711,0.007680000006378881,5.725,15.316138676352258,0,0.0,0,0.07822870000018156
50.0,49.97493967875336,extreme,adaptive,0,128.85952159077448,0.0,1.0,0.731542663352553,503.125,0.09583333333333334,0.9996068183580314,0.007526666680253887,11.5,11.205175790502128,0,0.0,0,0.0779646999999386
50.0,49.97493967875336,extreme,adaptive,1,129.04091810730844,0.0,1.0,0.7311647539431073,505.0,0.09625,0.999678083803589,0.007671666564116701,11.55,11.172373862104626,0,0.0,0,0.07833279999977094
50.0,49.97493967875336,extreme,adaptive,2,128.2227096633111,0.0,1.0,0.7328693548681019,508.125,0.09541666666666666,0.9993254805786959,0.007928750020861722,11.45,11.198489926926733,0,0.0,0,0.0805569000003743
60.0,59.891726024229335,clear,fixed,0,479.99999999999994,1.0,1.0,9.5367431640625e-17,0.0,0.16,0.9999999999999999,0.003602083408319838,9.8,48.979591836734684,0,0.0,0,0.04931600000054459
60.0,59.891726024229335,clear,fixed,1,480.0,1.0,1.0,4.76837158203125e-17,0.0,0.16,1.0,0.00381124997754038,9.8,48.97959183673469,0,0.0,0,0.050372499999866704
60.0,59.891726024229335,clear,fixed,2,480.0,1.0,1.0,4.76837158203125e-17,0.0,0.16,0.9999999999999999,0.0037879166256971075,9.8,48.97959183673469,0,0.0,0,0.05077369999889925
60.0,59.891726024229335,clear,adaptive,0,480.0,1.0,1.0,1.1126200358072918e-16,0.0,0.14666666666666667,1.0,0.0036987499318759847,12.857045454545542,37.33361616375856,0,0.0,0,0.051209299999754876
60.0,59.891726024229335,clear,adaptive,1,480.0,1.0,1.0,6.357828776041667e-17,0.0,0.14666666666666667,0.9999999999999999,0.0036899999107239028,12.908863636363721,37.18375323509192,0,0.0,0,0.05116660000021511
60.0,59.891726024229335,clear,adaptive,2,480.0,1.0,1.0,3.1789143880208334e-17,0.0,0.14666666666666667,1.0,0.0037666666836836766,12.852727272727355,37.34615928702763,0,0.0,0,0.05243019999943499
60.0,59.891726024229335,light_rain,fixed,0,479.99999999999994,1.0,1.0,1.7484029134114582e-16,0.0,0.19666666666666666,0.9999999999999997,0.003664999932576999,12.0,39.99999999999999,0,0.0,0,0.05286859999978333
60.0,59.891726024229335,light_rain,fixed,1,480.0,1.0,1.0,3.1789143880208334e-17,0.0,0.19666666666666666,1.0,0.003949166663611929,12.0,40.0,0,0.0,0,0.05556059999980789
60.0,59.891726024229335,light_rain,fixed,2,480.0,1.0,1.0,1.1126200358072918e-16,0.0,0.19666666666666666,1.0,0.004073749960298301,12.0,40.0,0,0.0,0,0.057256000000052154
60.0,59.891726024229335,light_rain,adaptive,0,480.0,1.0,1.0,7.947285970052083e-17,0.0,0.18,0.9999999999999999,0.003929166640167144,17.185227272727296,27.930966078159056,0,0.0,0,0.057330899999215035
60.0,59.891726024229335,light_rain,adaptive,1,480.0,1.0,1.0,7.947285970052083e-17,0.0,0.17958333333333334,1.0,0.003892499929255185,17.17840909090912,27.942051994443293,0,0.0,0,0.0568991999989521
60.0,59.891726024229335,light_rain,adaptive,2,480.0,1.0,1.0,1.2715657552083334e-16,0.0,0.18,1.0,0.004000833420529185,17.163636363636396,27.966101694915203,0,0.0,0,0.05662320000010368
60.0,59.891726024229335,heavy_rain,fixed,0,452.5316549432678,0.0,1.0,0.05722571886819199,403.75,0.23,0.9999959825725016,0.006661250040451705,13.8,32.79214890893245,0,0.0,0,0.0789892000011605
60.0,59.891726024229335,heavy_rain,fixed,1,452.30175893998955,0.0,1.0,0.05770466887502174,405.625,0.22958333333333333,0.9999922801985008,0.006669999917600459,13.775,32.83497342577056,0,0.0,0,0.07967060000009951
60.0,59.891726024229335,heavy_rain,fixed,2,452.31571635473887,0.0,1.0,0.05767559092762734,408.125,0.23,0.9999897627620351,0.006523749986323916,13.8,32.776501185126,0,0.0,0,0.0792312999983551
60.0,59.891726024229335,heavy_rain,adaptive,0,479.99999999999994,1.0,1.0,1.7484029134114582e-16,0.0,0.18,0.9999999999999997,0.00420708320234553,22.0,21.818181818181817,0,0.0,0,0.058216299999912735
60.0,59.891726024229335,heavy_rain,adaptive,1,479.99999999999994,1.0,1.0,1.5894571940104166e-16,0.0,0.18,0.9999999999999999,0.004481666708973838,22.0,21.818181818181817,0,0.0,0,0.05833580000034999
60.0,59.891726024229335,heavy_rain,adaptive,2,480.0,1.0,1.0,6.357828776041667e-17,0.0,0.18,1.0,0.004442916694339752,22.0,21.818181818181817,0,0.0,0,0.06141399999978603
60.0,59.891726024229335,storm,fixed,0,337.7119061079445,0.0,1.0,0.2964335289417821,433.125,0.19166666666666668,0.9999857755616559,0.007316249889299797,11.5,29.366252705038654,0,0.0,0,0.08402589999968768
60.0,59.891726024229335,storm,fixed,1,337.1243147394561,0.0,1.0,0.2976576776261331,435.0,0.19041666666666668,0.999991836967838,0.007147499900383991,11.425,29.507598664285,0,0.0,0,0.08314939999945636
60.0,59.891726024229335,storm,fixed,2,337.31537093541533,0.0,1.0,0.2972596438845513,437.5,0.19125,0.9999682367259084,0.007387083292087482,11.475,29.395675027051446,0,0.0,0,0.08453600000029837
60.0,59.891726024229335,storm,adaptive,0,434.2493601085502,0.0,1.0,0.09531383310718698,433.125,0.19166666666666668,0.9999868228868105,0.007516250010060806,23.0,18.880406961241313,0,0.0,0,0.08761729999969248
60.0,59.891726024229335,storm,adaptive,1,433.310499763691,0.0,1.0,0.09726979215897723,435.0,0.19041666666666668,0.9999950178950759,0.007195416643905143,22.85,18.963260383531335,0,0.0,0,0.08433939999849827
60.0,59.891726024229335,storm,adaptive,2,433.74948303737244,0.0,1.0,0.09635524367214068,437.5,0.19125,0.999975913042619,0.007071249941266918,22.95,18.899759609471566,0,0.0,0,0.0827556000003824
60.0,59.891726024229335,extreme,fixed,0,111.26725774971902,0.0,1.0,0.7681932130214187,498.125,0.10458333333333333,0.9998827889603121,0.008004583408668017,6.275,17.73183390433769,0,0.0,0,0.08250090000001364
60.0,59.891726024229335,extreme,fixed,1,110.87187249397118,0.0,1.0,0.7690169323042266,500.0,0.10375,0.9999524045353034,0.007936666634122957,6.225,17.81074256931264,0,0.0,0,0.08188780000091356
60.0,59.891726024229335,extreme,fixed,2,110.92414441631296,0.0,1.0,0.7689080324660147,503.125,0.10416666666666667,0.9997936228316125,0.008081249999728849,6.25,17.747863106610072,0,0.0,0,0.08286909999878844
60.0,59.891726024229335,extreme,adaptive,0,158.08054817366852,0.0,1.0,0.6706655246381906,498.125,0.10458333333333333,0.9998829717325026,0.007955833287572508,12.55,12.596059615431754,0,0.0,0,0.08367139999973006
60.0,59.891726024229335,extreme,adaptive,1,157.44369569922188,0.0,1.0,0.6719923006266211,500.0,0.10375,0.9999615077694409,0.007814583303418962,12.45,12.646079975841115,0,0.0,0,0.08245819999865489
60.0,59.891726024229335,extreme,adaptive,2,157.59180756909532,0.0,1.0,0.6716837342310514,503.125,0.10416666666666667,0.9998180390031121,0.008048333340108607,12.5,12.607344605527626,0,0.0,0,0.0836156999994273
80.0,80.25304494833398,clear,fixed,0,480.0,1.0,1.0,4.76837158203125e-17,0.0,0.16,1.0,0.0037300000182464523,9.8,48.97959183673469,0,0.0,0,0.04966410000088217
80.0,80.25304494833398,clear,fixed,1,480.0,1.0,1.0,4.76837158203125e-17,0.0,0.16,0.9999999999999999,0.003975833275641587,9.8,48.97959183673469,0,0.0,0,0.051434299999527866
80.0,80.25304494833398,clear,fixed,2,480.0,1.0,1.0,3.1789143880208334e-17,0.0,0.16,1.0,0.00391583328867758,9.8,48.97959183673469,0,0.0,0,0.05217799999991257
80.0,80.25304494833398,clear,adaptive,0,480.0,1.0,1.0,3.1789143880208334e-17,0.0,0.14666666666666667,0.9999999999999999,0.004168750009133267,12.88295454545463,37.25853400370444,0,0.0,0,0.05339060000005702
80.0,80.25304494833398,clear,adaptive,1,480.0,1.0,1.0,6.357828776041667e-17,0.0,0.14666666666666667,1.0,0.003911666696391573,12.943409090909176,37.08451124650991,0,0.0,0,0.0526384999993752
80.0,80.25304494833398,clear,adaptive,2,480.00000000000006,1.0,1.0,4.76837158203125e-17,0.0,0.14666666666666667,1.0000000000000002,0.003796666654428312,12.887272727272808,37.24604966139932,0,0.0,0,0.05250970000088273
80.0,80.25304494833398,light_rain,fixed,0,480.0,1.0,1.0,9.5367431640625e-17,0.0,0.19666666666666666,1.0,0.003911250018973078,12.0,40.0,0,0.0,0,0.054509999999936554
80.0,80.25304494833398,light_rain,fixed,1,480.0,1.0,1.0,1.1126200358072918e-16,0.0,0.19666666666666666,0.9999999999999999,0.0038404166843974963,12.0,40.0,0,0.0,0,0.054192800000237185
80.0,80.25304494833398,light_rain,fixed,2,479.99999999999994,1.0,1.0,1.430511474609375e-16,0.0,0.19666666666666666,0.9999999999999997,0.003699583263975607,12.0,39.99999999999999,0,0.0,0,0.05271279999942635
80.0,80.25304494833398,light_rain,adaptive,0,480.00000000000006,1.0,1.0,6.357828776041667e-17,0.0,0.17958333333333334,1.0000000000000002,0.0036770833351814267,17.325227272727254,27.705264262570378,0,0.0,0,0.05414259999997739
80.0,80.25304494833398,light_rain,adaptive,1,480.0,1.0,1.0,9.5367431640625e-17,0.0,0.18,1.0000000000000002,0.003653750021233767,17.353636363636355,27.659908848027673,0,0.0,0,0.05361400000037975
80.0,80.25304494833398,light_rain,adaptive,2,480.0,1.0,1.0,7.947285970052083e-17,0.0,0.17958333333333334,0.9999999999999997,0.00370249997558858,17.303636363636368,27.73983398129662,0,0.0,0,0.05436269999881915
80.0,80.25304494833398,heavy_rain,fixed,0,446.8906858268843,0.0,1.0,0.06897773786065786,406.875,0.22791666666666666,0.9999857280271608,0.006813333372216827,13.675,32.67939201659117,0,0.0,0,0.08057779999944614
80.0,80.25304494833398,heavy_rain,fixed,1,447.3036395296583,0.0,1.0,0.0681174176465452,407.5,0.22875,0.9999849679410314,0.006759583357052179,13.725,32.59042910962902,0,0.0,0,0.07928119999996852
80.0,80.25304494833398,heavy_rain,fixed,2,447.40969819084785,0.0,1.0,0.06789646210240036,410.0,0.22875,0.9999732963816369,0.006564583433525209,13.725,32.59815651663737,0,0.0,0,0.07880509999995411
80.0,80.25304494833398,heavy_rain,adaptive,0,480.0,1.0,1.0,4.76837158203125e-17,0.0,0.18,0.9999999999999999,0.004223333326081047,22.0,21.818181818181817,0,0.0,0,0.05750419999822043
80.0,80.25304494833398,heavy_rain,adaptive,1,480.0,1.0,1.0,6.357828776041667e-17,0.0,0.18,0.9999999999999999,0.004350416710015756,22.0,21.818181818181817,0,0.0,0,0.05830199999945762
80.0,80.25304494833398,heavy_rain,adaptive,2,480.0,1.0,1.0,7.947285970052083e-17,0.0,0.18,1.0000000000000002,0.004374166640748929,22.0,21.818181818181817,0,0.0,0,0.0576297000006889
80.0,80.25304494833398,storm,fixed,0,332.46351854488813,0.0,1.0,0.3073676696981498,435.0,0.19041666666666668,0.9999803696606503,0.006977500023216028,11.425,29.099651513775765,0,0.0,0,0.07903569999871252
80.0,80.25304494833398,storm,fixed,1,332.35623153945266,0.0,1.0,0.307591184292807,435.625,0.19,0.9999821270176763,0.006768333317571281,11.4,29.154055398197602,0,0.0,0,0.07844809999915014
80.0,80.25304494833398,storm,fixed,2,332.4586074147055,0.0,1.0,0.3073779012193634,439.375,0.19,0.9999422804117759,0.006885833325516918,11.4,29.163035738132063,0,0.0,0,0.07868870000129391
80.0,80.25304494833398,storm,adaptive,0,428.94466146852676,0.0,1.0,0.10636528860723597,435.0,0.19041666666666668,0.9999851952019123,0.007009583365894893,22.85,18.772195250263753,0,0.0,0,0.080607300000338
80.0,80.25304494833398,storm,adaptive,1,428.7154991983312,0.0,1.0,0.1068427100034766,435.625,0.19,0.999989934984032,0.006971249975625445,22.8,18.80331136834786,0,0.0,0,0.08069700000123703
80.0,80.25304494833398,storm,adaptive,2,428.78927717653016,0.0,1.0,0.1066890058822288,439.375,0.19,0.9999555132583257,0.006987083315834752,22.8,18.806547244584657,0,0.0,0,0.08089099999961036
80.0,80.25304494833398,extreme,fixed,0,106.6681348888471,0.0,1.0,0.7777747189815686,501.875,0.10208333333333333,0.9997967293545297,0.007662083400343059,6.125,17.415205696138305,0,0.0,0,0.0783460999991803
80.0,80.25304494833398,extreme,fixed,1,107.07253551615527,0.0,1.0,0.7769322176746768,501.25,0.10291666666666667,0.999842840086452,0.007732500057500147,6.175,17.339681864964415,0,0.0,0,0.07948910000050091
80.0,80.25304494833398,extreme,fixed,2,107.15653941045892,0.0,1.0,0.7767572095615439,504.375,0.10291666666666667,0.9995831808739191,0.007665833322789695,6.175,17.353285734487276,0,0.0,0,0.07768610000130138
80.0,80.25304494833398,extreme,adaptive,0,152.15952799746216,0.0,1.0,0.6830009833386205,501.875,0.10208333333333333,0.999808898743094,0.007525416678314893,12.25,12.421185958976503,0,0.0,0,0.0782720999995945
80.0,80.25304494833398,extreme,adaptive,1,152.80972469131325,0.0,1.0,0.6816464068930973,501.25,0.10291666666666667,0.9998690590289784,0.00761124993005069,12.35,12.373257060025365,0,0.0,0,0.07883810000021185
80.0,80.25304494833398,extreme,adaptive,2,152.908488345531,0.0,1.0,0.6814406492801437,504.375,0.10291666666666667,0.9996306545727741,0.007441249916458522,12.35,12.381254117047044,0,0.0,0,0.07759919999989506
