stage,seed,delivered_gbit,completion_rate,sla_compliance,drop_rate,mean_wait_s,beam_utilization,fairness,mean_decision_ms,energy_kj,gb_per_kj,sessions_interrupted,mean_recovery_s,proactive_handovers,wall_time_s
baseline,0,1799.1025988786553,0.0,0.0,0.7734364651830886,1078.5,0.10308333333333333,0.9996921521441665,0.020027333369701715,61.84,29.09286220696402,0,0.0,0,0.5866113000010955
baseline,1,1795.6165024589466,0.0,0.0,0.7903382586889566,1075.0,0.10308333333333333,0.99970606719247,0.020553666612007266,61.84,29.03648936705929,0,0.0,0,0.5999941999998555
baseline,2,1789.0562947461826,0.0,0.0,0.7802525265325942,1076.0,0.103,0.9994823613266897,0.019775666690596456,61.79,28.95381606645384,0,0.0,0,0.582872099999804
baseline,3,1806.9091951055473,0.0,0.0,0.7884014300195817,1084.0,0.103,0.9995387373831651,0.02019233333461064,61.79,29.24274470149777,0,0.0,0,0.5485054000000673
baseline,4,1831.463960747139,0.0,0.0,0.7597475461997467,1073.5,0.10308333333333333,0.9997279020256087,0.01980466671739123,61.84,29.616170128511303,0,0.0,0,0.5522707000000082
baseline,5,1803.8740893338781,0.0,0.0,0.7687423543496757,1077.0,0.10316666666666667,0.9995880746849236,0.01986599997205,61.89,29.146454828467895,0,0.0,0,0.5557833000002574
baseline,6,1801.7147706722308,0.0,0.0,0.7653711697964183,1067.0,0.10325,0.99974848758259,0.019995000014508452,61.94,29.088065396710217,0,0.0,0,0.5529098999995767
baseline,7,1764.4156833771865,0.0,0.0,0.7714900730301462,1069.5,0.10325,0.9997183354994392,0.01917200002935715,61.94,28.485884458785705,0,0.0,0,0.5357722000007925
baseline,8,1802.3037476860382,0.0,0.0,0.7605992465410316,1067.0,0.10291666666666667,0.9996629700802461,0.01968666664348954,61.74,29.191832647975996,0,0.0,0,0.549871199998961
baseline,9,1817.6783397888448,0.0,0.0,0.7554752947334751,1077.5,0.10308333333333333,0.9996157465138705,0.01713733326444829,61.84,29.393246115602274,0,0.0,0,0.49686880000081146
baseline,10,1784.5406233654644,0.0,0.0,0.7612211890814574,1076.0,0.10333333333333333,0.9995185893308427,0.017102333337485714,61.99,28.78755643435174,0,0.0,0,0.5168978000001516
baseline,11,1825.3624802616594,0.0,0.0,0.7752026690026808,1071.5,0.10316666666666667,0.9997169937297143,0.017604000040591927,61.89,29.49365778415995,0,0.0,0,0.5089003000011871
baseline,12,1774.2174681794731,0.0,0.0,0.7767836196494589,1072.5,0.10325,0.9997000127718184,0.01823099998849405,61.94,28.644130903769344,0,0.0,0,0.5131768999999622
baseline,13,1770.9190001885954,0.0,0.0,0.7822294064317785,1067.0,0.10316666666666667,0.9996242721239038,0.01855233334329872,61.89,28.61397641280652,0,0.0,0,0.5162876000013057
baseline,14,1805.5353858535987,0.0,0.0,0.7612912204784744,1079.0,0.10325,0.9996386643399748,0.01843366660371733,61.94,29.149747914975762,0,0.0,0,0.5118483999995078
+adaptive_power,0,1914.0317723600563,0.0,0.0,0.7589632718178176,1078.5,0.10308333333333333,0.9993838582014771,0.01639633333979873,63.21841590909126,30.276490557948396,0,0.0,0,0.5014153000010992
+adaptive_power,1,1907.90173543211,0.0,0.0,0.7772274872985008,1075.0,0.10308333333333333,0.9994078427541347,0.01759633337011716,63.848827272727654,29.881547037388575,0,0.0,0,0.5110045000001264
+adaptive_power,2,1899.0677466922202,0.0,0.0,0.7667399620098257,1076.0,0.103,0.9990605045952563,0.021930666686481953,64.0251909090913,29.661258634725304,0,0.0,0,0.5905913999995391
+adaptive_power,3,1925.7045950870836,0.0,0.0,0.7744898638908385,1084.0,0.103,0.9991953961618932,0.018222333280088304,63.921554545454924,30.12606011822985,0,0.0,0,0.5240740999997797
+adaptive_power,4,1960.326645636622,0.0,0.0,0.7428432680312825,1073.5,0.10308333333333333,0.999501636062045,0.017906999958844,63.80616363636402,30.72315484768316,0,0.0,0,0.5202260000005481
+adaptive_power,5,1919.9233100583942,0.0,0.0,0.7538647807302128,1077.0,0.10316666666666667,0.9992238062776982,0.01814066671310381,64.07837272727312,29.962110901752567,0,0.0,0,0.5098746000003302
+adaptive_power,6,1916.2829691775796,0.0,0.0,0.750451492813467,1067.0,0.10325,0.9995064658992737,0.020341333347460022,63.48806818181855,30.183356086527716,0,0.0,0,0.5795450000005076
+adaptive_power,7,1862.0391453544978,0.0,0.0,0.7588468334709275,1069.5,0.10325,0.9994204584126932,0.01907333338749595,63.34915227272763,29.393276445723206,0,0.0,0,0.5501605999997992
+adaptive_power,8,1919.6482928965704,0.0,0.0,0.7450123219875153,1067.0,0.10291666666666667,0.9993191073481703,0.019968999974177375,64.0898000000004,29.95247750650741,0,0.0,0,0.5497279000010167
+adaptive_power,9,1939.2569144815425,0.0,0.0,0.7391198348632156,1077.5,0.10308333333333333,0.9992828569108217,0.025680999939747078,64.0040227272731,30.298984842638575,0,0.0,0,0.6663788999994722
+adaptive_power,10,1891.2265483838228,0.0,0.0,0.7469461773590647,1076.0,0.10333333333333333,0.9991023794605515,0.018777666585568415,63.906750000000365,29.593533521636008,0,0.0,0,0.5471148999986326
+adaptive_power,11,1951.0801027393086,0.0,0.0,0.7597202723291978,1071.5,0.10316666666666667,0.999439190287569,0.021014666654082248,63.87110000000039,30.547150475556187,0,0.0,0,0.5692379999982222
+adaptive_power,12,1877.0398098277265,0.0,0.0,0.7638474202637994,1072.5,0.10325,0.9994046081297432,0.01736633328619064,63.28856818181854,29.658433801745574,0,0.0,0,0.5171427000004769
+adaptive_power,13,1870.8239658324087,0.0,0.0,0.7699440542127616,1067.0,0.10316666666666667,0.9992652199224293,0.017356000001503464,62.826359090909456,29.777691925857663,0,0.0,0,0.5032590000009804
+adaptive_power,14,1922.655293969996,0.0,0.0,0.7458068657861286,1079.0,0.10325,0.9993629665602106,0.017266999966523144,64.12629545454584,29.98232285744336,0,0.0,0,0.5125523999995494
+handover,0,1923.1006029114983,0.0,0.0,0.7578212211600781,1078.5,0.10308333333333333,0.99940842981835,0.018852999952893395,60.29045454545484,31.89726495529426,0,0.0,20,0.5789072000006854
+handover,1,1917.3788214267136,0.0,0.0,0.7761209134006432,1075.0,0.10308333333333333,0.9993358959528629,0.016533666657778667,60.040000000000276,31.93502367466197,0,0.0,20,0.558411600000909
+handover,2,1907.7223483279154,0.0,0.0,0.7656769284714762,1076.0,0.103,0.9989155472410074,0.017485000050025217,60.09545454545481,31.7448692710188,0,0.0,20,0.5799354999999196
+handover,3,1935.351253176648,0.0,0.0,0.7733601894930487,1084.0,0.103,0.998932801157995,0.01682366659224499,60.950454545454825,31.7528600501794,0,0.0,20,0.5705717999990156
+handover,4,1972.7419617678202,0.0,0.0,0.7412146200048101,1073.5,0.10308333333333333,0.9994241071627057,0.020936999996289764,61.63772727272759,32.00542993804844,0,0.0,20,0.6262335999999777
+handover,5,1930.294121061844,0.0,0.0,0.7525352370828354,1077.0,0.10316666666666667,0.9990670882859821,0.019645666689029895,60.6840909090912,31.808899040006263,0,0.0,20,0.6095601999986684
+handover,6,1926.5196391047166,0.0,0.0,0.7491184194939378,1067.0,0.10325,0.9994706319247743,0.017677999973481445,60.23136363636393,31.985323306570542,0,0.0,20,0.5628319999996165
+handover,7,1869.4395914345644,0.0,0.0,0.7578883998040588,1069.5,0.10325,0.9993992425470019,0.018965333371549303,58.84090909090938,31.77108614257259,0,0.0,20,0.6152242999996815
+handover,8,1930.0742630176094,0.0,0.0,0.743627436057093,1067.0,0.10291666666666667,0.999286632978443,0.01970566664264576,60.634545454545766,31.83126464540705,0,0.0,20,0.6428675999995903
+handover,9,1949.6746012155302,0.0,0.0,0.737718386805864,1077.5,0.10308333333333333,0.9992150712107062,0.017837999967014184,61.07636363636394,31.921916845336277,0,0.0,20,0.5814786999999342
+handover,10,1899.862579036407,0.0,0.0,0.7457906412489417,1076.0,0.10333333333333333,0.9990086252433223,0.01778499995149711,60.13272727272757,31.594485485744222,0,0.0,20,0.597567999999228
+handover,11,1963.3901096839322,0.0,0.0,0.7582042683926463,1071.5,0.10316666666666667,0.9994588975767608,0.018693666649293544,61.38363636363671,31.98556204869988,0,0.0,20,0.6160427999984677
+handover,12,1885.809471614147,0.0,0.0,0.7627440988300002,1072.5,0.10325,0.9993911321348629,0.022185999981350808,59.34181818181847,31.778761241123103,0,0.0,20,0.6456178999997064
+handover,13,1879.4230093131205,0.0,0.0,0.7688866265140843,1067.0,0.10316666666666667,0.9992349661402821,0.019730666717805434,58.810000000000294,31.957541392843243,0,0.0,20,0.6445074000002933
+handover,14,1932.3359152585886,0.0,0.0,0.7445269964958807,1079.0,0.10325,0.9992527105936899,0.01861366659189419,61.03454545454575,31.659708462933615,0,0.0,20,0.6094911000000138
+weather,0,1141.3602762145324,0.0,0.0,0.8562668861464904,1105.5,0.07933333333333334,0.999916526558847,0.02089399999628464,67.32909090909104,16.951963271799077,0,0.0,0,0.5986955999997008
+weather,1,1142.463738231709,0.0,0.0,0.8666023973301835,1100.0,0.07933333333333334,0.9998923285109091,0.019315333229315,67.30318181818194,16.97488450572886,0,0.0,0,0.595603799998571
+weather,2,1141.063596981773,0.0,0.0,0.8598446324809755,1101.0,0.07916666666666666,0.9999003954154926,0.01813799998368874,67.14636363636376,16.993676726282448,0,0.0,0,0.5509628999989218
+weather,3,1145.642131989693,0.0,0.0,0.8658392809694144,1110.0,0.07916666666666666,0.9998830341125219,0.01986866663476879,67.13772727272737,17.064058890999647,0,0.0,0,0.6716238999997586
+weather,4,1150.5098737875614,0.0,0.0,0.849075479385289,1101.0,0.07916666666666666,0.9999017296970745,0.023066999971585272,67.17227272727285,17.12774969605039,0,0.0,0,0.658070299999963
+weather,5,1141.5317525944365,0.0,0.0,0.853655004470095,1104.5,0.079,0.9999284824675012,0.022136000037183596,66.82545454545468,17.082289381480624,0,0.0,0,0.6542892000015854
+weather,6,1142.1979507257026,0.0,0.0,0.8512569395544721,1094.5,0.07941666666666666,0.9999061353372917,0.022652000006928574,67.38590909090924,16.950100787165784,0,0.0,0,0.6900640999992902
+weather,7,1133.5575962176028,0.0,0.0,0.8531926654426399,1096.0,0.07925,0.9999324657400113,0.02440400000826533,67.1945454545456,16.869785911185435,0,0.0,0,0.72480060000089
+weather,8,1143.2296481049686,0.0,0.0,0.8481443322279337,1093.0,0.07908333333333334,0.9998676389839956,0.019379333298275014,66.93409090909105,17.079930907819264,0,0.0,0,0.5744067999985418
+weather,9,1145.1972166078924,0.0,0.0,0.8459413826234956,1105.5,0.07916666666666666,0.9999387262850827,0.02198666668239942,67.17227272727285,17.048659664345802,0,0.0,0,0.6065674000001309
+weather,10,1137.1577651015934,0.0,0.0,0.8478436548753546,1105.0,0.07883333333333334,0.9998842835244143,0.023593666719534667,66.63409090909103,17.065705400753785,0,0.0,0,0.6473102999989351
+weather,11,1148.4237886956028,0.0,0.0,0.8585691306005183,1099.5,0.07933333333333334,0.9999182820191449,0.02225566674799969,67.37227272727287,17.04594104082689,0,0.0,0,0.6432037000013224
+weather,12,1132.7639274598084,0.0,0.0,0.8574856418595107,1100.5,0.07875,0.9999059386285141,0.01863599989519571,66.58590909090924,17.012066710890053,0,0.0,0,0.5729281999992963
+weather,13,1132.99646891837,0.0,0.0,0.8606749865348011,1094.5,0.079,0.9998981934884024,0.018226666640354477,66.8686363636365,16.943615580210924,0,0.0,0,0.5540835000010702
+weather,14,1140.835920281412,0.0,0.0,0.8491707488546703,1107.0,0.079,0.9998508498403267,0.017476666671427665,66.86000000000013,17.06305594198938,0,0.0,0,0.5470373999996809
+failure_recovery,0,692.593201707782,0.0,0.0,0.9127807585476893,1265.0,0.05275,0.994926956083838,0.02130166666271786,60.63890909090913,11.421597322429639,20,0.0,0,0.503528200000801
+failure_recovery,1,1142.463738231709,0.0,0.0,0.8666023973301835,1100.0,0.07933333333333334,0.9998923285109091,0.021123666574567324,67.30318181818194,16.97488450572886,0,0.0,0,0.5765996000009181
+failure_recovery,2,1141.063596981773,0.0,0.0,0.8598446324809755,1101.0,0.07916666666666666,0.9999003954154926,0.017055333319149213,67.14636363636376,16.993676726282448,0,0.0,0,0.5470502999996825
+failure_recovery,3,846.0683953229498,0.0,0.0,0.9009209411071121,1204.5,0.06341666666666666,0.993376340259181,0.019392000018948845,75.18205227272726,11.253595369461152,32,0.0,0,0.4325766999991174
+failure_recovery,4,1150.5098737875614,0.0,0.0,0.849075479385289,1101.0,0.07916666666666666,0.9999017296970745,0.017677666728559416,67.17227272727285,17.12774969605039,0,0.0,0,0.45868220000011206
+failure_recovery,5,1141.5317525944365,0.0,0.0,0.853655004470095,1104.5,0.079,0.9999284824675012,0.01816500000738112,66.82545454545468,17.082289381480624,0,0.0,0,0.507075800000166
+failure_recovery,6,824.994607182391,0.0,0.0,0.8925648372548743,1240.0,0.05516666666666667,0.9898786655497799,0.01866233336234776,40.04772727272744,20.600285293697887,20,0.0,0,0.45168179999927816
+failure_recovery,7,691.15392753369,0.0,0.0,0.9104884778606398,1249.0,0.05375,0.9953158051366734,0.021125333363064176,62.71781818181822,11.020056940278803,20,0.0,0,0.44614419999925303
+failure_recovery,8,1143.2296481049686,0.0,0.0,0.8481443322279337,1093.0,0.07908333333333334,0.9998676389839956,0.0187289999666973,66.93409090909105,17.079930907819264,0,0.0,0,0.48692190000110713
+failure_recovery,9,1160.4858755203138,0.0,0.0,0.8438846629428755,1105.5,0.07825,0.9978914253011311,0.020270333388907602,89.60223636363638,12.951528026718742,0,0.0,0,0.4880028999996284
+failure_recovery,10,1137.1577651015934,0.0,0.0,0.8478436548753546,1105.0,0.07883333333333334,0.9998842835244143,0.02107933332808898,66.63409090909103,17.065705400753785,0,0.0,0,0.5570685000002413
+failure_recovery,11,1148.4237886956028,0.0,0.0,0.8585691306005183,1099.5,0.07933333333333334,0.9999182820191449,0.019652666669571772,67.37227272727287,17.04594104082689,0,0.0,0,0.522175200001584
+failure_recovery,12,702.4952771822811,0.0,0.0,0.9116182453400821,1247.5,0.05425,0.9939420934954997,0.021456999966176227,63.71459090909094,11.025657814936196,20,0.0,0,0.447970000001078
+failure_recovery,13,1132.99646891837,0.0,0.0,0.8606749865348011,1094.5,0.079,0.9998981934884024,0.020493333401342777,66.8686363636365,16.943615580210924,0,0.0,0,0.5300139999999374
+failure_recovery,14,1140.835920281412,0.0,0.0,0.8491707488546703,1107.0,0.079,0.9998508498403267,0.01812800004699966,66.86000000000013,17.06305594198938,0,0.0,0,0.5371947000003274
+dynamic_scheduler,0,692.593201707782,0.0,0.0,0.9127807585476893,1265.0,0.05275,0.994926956083838,0.8936890000101508,60.63890909090914,11.421597322429637,20,0.0,0,0.7746805000006134
+dynamic_scheduler,1,1142.463738231709,0.0,0.0,0.8666023973301835,1100.0,0.07933333333333334,0.9998923285109091,0.20829766666793148,67.30318181818194,16.97488450572886,0,0.0,0,0.5943018000016309
+dynamic_scheduler,2,1141.063596981773,0.0,0.0,0.8598446324809755,1101.0,0.07916666666666666,0.9999003954154926,0.2059496665970073,67.14636363636376,16.993676726282448,0,0.0,0,0.6222236999983579
+dynamic_scheduler,3,846.0683953229498,0.0,0.0,0.9009209411071121,1204.5,0.06341666666666666,0.993376340259181,0.277270666701952,75.18205227272726,11.253595369461152,32,0.0,0,0.5542569999997795
+dynamic_scheduler,4,1150.5098737875614,0.0,0.0,0.849075479385289,1101.0,0.07916666666666666,0.9999017296970745,0.24562933329434597,67.17227272727285,17.12774969605039,0,0.0,0,0.5914434000005713
+dynamic_scheduler,5,1141.5317525944365,0.0,0.0,0.853655004470095,1104.5,0.079,0.9999284824675012,0.20564300000235866,66.82545454545468,17.082289381480624,0,0.0,0,0.5957390000003215
+dynamic_scheduler,6,824.994607182391,0.0,0.0,0.8925648372548743,1240.0,0.05516666666666667,0.9898786655497799,0.21480433335455018,40.04772727272744,20.600285293697887,20,0.0,0,0.5602890999998635
+dynamic_scheduler,7,691.15392753369,0.0,0.0,0.9104884778606398,1249.0,0.05375,0.9953158051366734,0.25134266662765486,62.71781818181822,11.020056940278803,20,0.0,0,0.5199080999991565
+dynamic_scheduler,8,1143.2296481049686,0.0,0.0,0.8481443322279337,1093.0,0.07908333333333334,0.9998676389839956,0.23188933336011056,66.93409090909105,17.079930907819264,0,0.0,0,0.5901575999996567
+dynamic_scheduler,9,1160.4858755203138,0.0,0.0,0.8438846629428755,1105.5,0.07825,0.9978914253011311,0.27249066658744897,89.60223636363638,12.951528026718742,0,0.0,0,0.5611454000008962
+dynamic_scheduler,10,1137.1577651015934,0.0,0.0,0.8478436548753546,1105.0,0.07883333333333334,0.9998842835244143,0.21786833326890095,66.63409090909103,17.065705400753785,0,0.0,0,0.6057163000004948
+dynamic_scheduler,11,1148.4237886956028,0.0,0.0,0.8585691306005183,1099.5,0.07933333333333334,0.9999182820191449,0.22095733332510764,67.37227272727287,17.04594104082689,0,0.0,0,0.5881019999997079
+dynamic_scheduler,12,702.4952771822811,0.0,0.0,0.9116182453400821,1247.5,0.05425,0.9939420934954997,0.3041200000673901,63.714590909090944,11.025657814936194,20,0.0,0,0.5829408999998122
+dynamic_scheduler,13,1132.99646891837,0.0,0.0,0.8606749865348011,1094.5,0.079,0.9998981934884024,0.29705533334587625,66.8686363636365,16.943615580210924,0,0.0,0,0.8801858000006177
+dynamic_scheduler,14,1140.835920281412,0.0,0.0,0.8491707488546703,1107.0,0.079,0.9998508498403267,0.27559233332794975,66.86000000000013,17.06305594198938,0,0.0,0,0.7270328000013251
